"fixture","column","base_median_ms","base_p99_ms","candidate_median_ms","candidate_p99_ms","base_minus_candidate_us","paired99_low_us","paired99_high_us","AA_abs_median_us","regression_floor_us","delta_percent","105C01_verdict"
"sample-0","mount-wall","4.192167000000154","4.455416000000014","4.183540999999991","4.441374999999994","7.625000000189175","3.3330000001114968","12.41600000003018","5.041000000119311","20.96083500000077","0.18188683800499586","개선"
"sample-0","mount-active","1.6887919880790605","1.9485420162125138","1.6794999771118455","1.9370839605331867","6.582986061118845","2.458970436009622","12.20998312771826","4.249997083661583","8.443959940395303","0.38980443462470193","개선"
"sample-0","update-wall","0.44400000000007367","0.631249999999909","0.44108299999993505","0.6171249999999873","1.6669999999976426","0.49999999987448973","3.8760000002184825","1.9589999999425345","2.2200000000003683","0.3754504504498572","동률"
"sample-0","update-active","0.44529199600219727","0.632332980632782","0.44233304262161255","0.6183750033378601","1.7499923706338905","0.3750324249267578","3.6659836769104004","1.9579827785491943","2.2264599800109863","0.39299883814333264","동률"
"sample-1","mount-wall","5.3718750000000455","5.7085839999999735","5.337750000000142","5.676459000000023","29.957999999965068","22.125000000187356","37.45800000001509","2.334000000018932","26.859375000000227","0.5576823734722944","개선"
"sample-1","mount-active","2.8729160023841587","3.2167080469131406","2.8402079880791007","3.1704990389900445","29.791945934221076","21.790955837104775","36.08201335146077","4.415998220338224","14.364580011920795","1.036993281721342","개선"
"sample-1","update-wall","0.49995799999987867","0.72787500000004","0.4883750000000191","0.7090829999999642","8.95900000000438","6.957999999940512","11.584000000084416","0.08200000002034358","2.4997899999993933","1.7919505238453137","개선"
"sample-1","update-active","0.5013329982757568","0.7293750047683716","0.49004095792770386","0.7104580402374268","9.249985218048096","6.916046142578125","11.500000953674316","0.1659691333770752","2.506664991378784","1.8450780718328392","개선"
"sample-2","mount-wall","5.068125000000009","5.3777919999999995","5.054209000000014","5.333540999999968","18.582999999807726","11.167000000000371","24.167000000034022","0.7910000001629669","25.340625000000045","0.36666420026750907","개선"
"sample-2","mount-active","2.566457983017017","2.8729579732971615","2.5537489798623483","2.824874969848679","17.33399695604021","11.914994644143917","22.70800227347536","0.666992847527581","12.832289915085084","0.6754054448093132","개선"
"sample-2","update-wall","0.49558299999989686","0.7279580000001715","0.48479199999997036","0.7057909999999765","9.792000000174994","8.083000000169704","11.6249999999809","0.37400000019260915","2.4779149999994843","1.9758547004592637","개선"
"sample-2","update-active","0.4966660141944885","0.7293329834938049","0.4860000014305115","0.7081670165061951","9.833991527557373","8.29094648361206","11.58297061920166","0.3750026226043701","2.4833300709724426","1.9800008952709411","개선"
"sample-3","mount-wall","10.631709","11.541083999999955","10.690624999999727","11.819042000000081","-46.54199999959019","-74.95799999969677","-6.62600000009661","75.291999999763","75.291999999763","-0.43776593207724357","동률"
"sample-3","mount-active","8.1832080123977","9.05245902270508","8.225208000843054","9.345458006198896","-50.374036716448245","-77.5009654846599","-22.54299933974835","77.25000999630538","77.25000999630538","-0.615578103845469","동률"
"sample-3","update-wall","0.4991669999999431","0.6875840000000153","0.49945899999988796","0.7137079999997695","-1.1259999998856074","-3.1249999999545253","1.7079999997804407","4.333999999971638","4.333999999971638","-0.2255758092754","동률"
"sample-3","update-active","0.5007909536361694","0.6904999613761902","0.5008749961853027","0.7155410051345825","-0.9169578552246094","-3.000020980834961","1.874983310699463","4.500001668930054","4.500001668930054","-0.1831019207848531","동률"
"flat-50","mount-wall","9.901916999999912","10.88412500000004","9.931708999999955","10.93508399999996","-21.875000000363798","-41.791999999759355","-0.7919999998193816","22.124000000076194","49.50958499999957","-0.22091681843388497","동률"
"flat-50","mount-active","7.426541986465509","8.376416990463213","7.463750015441974","8.455583954994154","-23.95997883581913","-42.0009416427547","-5.709970069801784","21.99903999894559","37.13270993232754","-0.322626316251695","동률"
"flat-50","update-wall","2.4160410000001775","3.0928750000002765","2.415081999999984","3.0784570000000713","9.751999999934924","1.4599999990423385","21.500999999261694","5.46000000076674","12.080205000000888","0.40363553432802696","개선"
"flat-50","update-active","2.420210063457489","3.098289906978607","2.4196229577064514","3.08391797542572","9.74893569946289","1.3328790664672852","20.998895168304443","5.582034587860107","12.101050317287445","0.4028136171591508","개선"
"flat-100","mount-wall","16.53058299999998","18.260250000000042","16.441208999999617","18.939707999999882","85.74900000007801","44.33300000005147","126.12600000011298","25.749999999788997","82.6529149999999","0.5187294362218086","개선"
"flat-100","mount-active","14.08529197806547","15.97912497817606","13.99883403224203","16.779750002860965","81.29302024849494","42.70900040455672","113.00102270524803","28.125991289243757","70.42645989032735","0.5771482790352497","개선"
"flat-100","update-wall","2.6338340000002063","4.265414999999393","2.5623319999999694","4.333250999999564","60.33600000023398","49.626999998508836","69.9560000002748","3.501000000142085","13.169170000001031","2.290804963419458","개선"
"flat-100","update-active","2.6380831003189087","4.272331953048706","2.569165885448456","4.341290891170502","60.460031032562256","49.83288049697876","70.0419545173645","3.6670267581939697","13.190415501594543","2.2918167750384155","개선"
"flat-500","mount-wall","70.23391699999956","76.47812500000009","69.66312500000004","74.55308299999979","696.9580000004498","538.7080000000424","835.3749999987485","121.95799999972223","351.1695849999978","0.992338217446215","개선"
"flat-500","mount-active","67.8175430320589","73.96958300447477","67.25954202604316","72.04575004309845","671.4169940951251","519.3339953402756","820.3760556043562","102.45800108168623","339.08771516029447","0.9900343835484147","개선"
"flat-500","update-wall","7.040000000000873","9.152959999999439","6.960374000000229","8.88825000000179","70.79099999464233","44.29000000254746","99.70799999973678","2.916000004915986","35.200000000004366","1.0055539771964994","개선"
"flat-500","update-active","7.046874940395355","9.160496950149536","6.966251015663147","8.892998993396759","71.00307941436768","44.24995183944702","100.16793012619019","3.789931535720825","35.234374701976776","1.0075825101897458","개선"
"nested-d3-f4","mount-wall","14.362249999999904","15.854916000000003","14.418541000000005","16.077291999999943","-80.33299999942756","-121.50100000008024","-38.37500000008731","4.9579999999878055","71.81124999999952","-0.5593343661294581","회귀"
"nested-d3-f4","mount-active","11.89658305025091","13.346374991599987","11.952541991893668","13.572709026409143","-76.12493944179732","-113.95798378759991","-41.500987125346","6.748986831553339","59.48291525125455","-0.6398891103457793","회귀"
"nested-d3-f4","update-wall","3.1029160000002776","3.906833999999435","3.086207999999715","3.8360399999999117","6.0420000004342","-13.12699999925826","24.54299999953946","13.788000000431566","15.514580000001388","0.19472006333505837","동률"
"nested-d3-f4","update-active","3.107498049736023","3.911747992038727","3.090666949748993","3.840541958808899","6.168127059936523","-13.498008251190186","24.666965007781982","12.96091079711914","15.537490248680117","0.19849174355750587","동률"
"array-100","mount-wall","62.95049999999992","70.8174170000002","62.8101659999993","69.27454200000102","274.66699999968114","-68.37599999971644","494.58400000094116","69.25000000001091","314.7524999999996","0.4363221896564467","동률"
"array-100","mount-active","60.53220804548255","68.31887496405443","60.386749005611364","66.77062494802476","310.41700799596583","-20.876079925528757","512.8740645568541","88.70798617135733","302.66104022741274","0.5128129602718695","동률"
"array-100","update-wall","0.8141669999999976","1.0230830000000424","0.8135830000001079","1.0214169999999285","-2.8340000008029165","-7.666999998036772","2.4170000001504377","2.0009999998364947","4.070834999999988","-0.34808583506859464","동률"
"array-100","update-active","0.8168749809265137","1.0266250371932983","0.816582977771759","1.0258340239524841","-3.000020980834961","-7.666051387786865","2.7920007705688477","2.041041851043701","4.084374904632568","-0.3672558287232993","동률"
"oneOf-5","mount-wall","5.46941599999991","5.823541999999861","5.448167000000012","5.826375000000098","22.875000000112777","13.375000000110049","33.666999999923064","12.125999999852866","27.34707999999955","0.4182347804612623","개선"
"oneOf-5","mount-active","2.9689179650077904","3.3215420125809487","2.946666968051886","3.3215839725265255","20.374953269765683","11.207980449739807","29.45796603398776","12.834036350341194","14.844589825038952","0.6862753875286757","개선"
"oneOf-5","update-wall","2.7819580000000315","3.4614169999997557","2.7455420000000004","3.3440830000000688","29.70899999991161","14.791999999943073","47.33399999986432","8.751000000074782","13.909790000000157","1.0679169131924808","개선"
"oneOf-5","update-active","2.7833330035209656","3.4656670689582825","2.7477089762687683","3.347000002861023","29.877007007598877","15.167951583862305","47.29193449020386","9.083032608032227","13.91666501760483","1.0734255286666716","개선"
"oneOf-10","mount-wall","5.814332999999806","6.222750000000019","5.806957999999895","6.176083000000062","-1.6249999999899956","-15.499000000090746","12.958000000026004","16.708999999991647","29.07166499999903","-0.027948175654714823","동률"
"oneOf-10","mount-active","3.3127919979096987","3.7154590103073133","3.303540017826208","3.6681669712066878","0.8320216407469161","-9.748971755811908","12.124956497245876","20.582981641609877","20.582981641609877","0.02511542050548009","동률"
"oneOf-10","update-wall","2.979917000000114","3.6655840000000808","2.9496239999999716","3.6575000000000273","19.499000000223532","4.791999999838481","33.915999999862834","1.5419999999721767","14.89958500000057","0.6543470841712298","개선"
"oneOf-10","update-active","2.982334017753601","3.6686670780181885","2.9517910480499268","3.6640830039978027","19.749999046325684","4.458963871002197","33.66696834564209","1.3759732246398926","14.911670088768005","0.6622329668224781","개선"
"oneOf-20","mount-wall","6.429958000000056","6.791417000000365","6.4529999999999745","6.96570799999995","-43.00000000012005","-61.791999999741165","-27.916999999888503","8.25000000008913","32.14979000000028","-0.6687446481006514","회귀"
"oneOf-20","mount-active","3.9280820132407825","4.282790961559385","3.9581680452995442","4.4503740065650845","-43.708006969609414","-57.99996823509446","-28.835012214642575","3.7100281883795105","19.640410066203913","-1.1127060693304882","회귀"
"oneOf-20","update-wall","3.3628749999998035","4.102334000000042","3.428459000000089","4.217582999999877","-34.95799999973315","-60.374999999794454","-15.166999999792097","0.29100000028847717","16.814374999999018","-1.0395271902683028","회귀"
"oneOf-20","update-active","3.365374982357025","4.108416974544525","3.4311259984970093","4.2204999923706055","-35.12603044509888","-60.707032680511475","-14.624953269958496","0.41604042053222656","16.826874911785126","-1.0437478922630334","회귀"
"array-push-100","mount-wall","4.1415000000015425","4.399374999999964","4.143500000000131","4.3793340000011085","0.7910000003903406","-5.667000001267297","6.457999998929154","2.8340000008029165","20.707500000007713","0.019099360144634696","동률"
"array-push-100","mount-active","1.6349579980924318","1.8853740311778893","1.6365420116271707","1.870791024684877","0.7089469986567565","-4.584011076076422","4.833969371702551","2.3750253285470535","8.174789990462159","0.043361786632067134","동률"
"array-push-100","update-wall","111.10808300000826","124.2213289999936","111.50421400000596","126.79333599999791","-251.37100000119972","-513.4970000181056","-8.196999982828856","172.045999992406","555.5404150000413","-0.226240065721574","동률"
"array-push-100","update-active","111.16812634468079","124.3059161901474","111.55491906404495","126.87645196914673","-255.6302547454834","-512.2066736221313","-5.5817365646362305","171.04607820510864","555.8406317234039","-0.229949233787473","동률"
"array-replace-200","mount-wall","4.3657499999999345","4.67699999999968","4.351874999998472","4.662417000001369","13.70899999892572","5.541000000448548","23.540999998658663","3.832999998849118","21.828749999999673","0.314012483512018","개선"
"array-replace-200","mount-active","1.8608749973227532","2.1565410411913035","1.8451249468889728","2.1305840126915427","15.66605204698135","7.832997907826211","23.41603851346008","2.0830033372476464","9.304374986613766","0.8418648253923636","개선"
"array-replace-200","update-wall","118.71033299999999","128.6767089999994","116.117209","123.08908299999985","2288.8329999987036","2027.249999999185","2549.708999998984","94.99899999900663","593.551665","1.9280823683635893","개선"
"array-replace-200","update-active","118.71420902013779","128.68066602945328","116.12149995565414","123.09287494421005","2286.3330245018005","2028.1670093536377","2549.9590039253235","95.4580307006836","593.5710451006889","1.9259135392242426","개선"
"array-push-remove-100","mount-wall","4.061207999999169","4.2995000000009895","4.05475000000024","4.2821250000015425","5.125999996380415","-2.04200000007404","12.250000003405148","1.5420000017911661","20.306039999995846","0.1262186028487451","동률"
"array-push-remove-100","mount-active","1.5567079775892125","1.7890420038165757","1.5487090155547776","1.771415963759864","5.542000476452813","0.4990399465896189","11.080991895141779","2.124929904766759","7.783539887946063","0.3560077134720799","개선"
"array-push-remove-100","update-wall","166.10670500001106","184.58021400000507","165.03974199998993","177.87219700000787","981.4059999953315","682.8309999937119","1255.2059999979974","47.128999984124675","830.5335250000553","0.5908286483650773","개선"
"array-push-remove-100","update-active","166.19941526651382","184.69904279708862","165.12179964780807","177.96158707141876","974.6931195259094","675.9548187255859","1264.9468183517456","47.59305715560913","830.9970763325691","0.5864600173008505","개선"
"computed-visible-derived","mount-wall","4.829625000000078","5.165499999999838","4.7967499999999745","5.095459000000119","31.04099999995924","21.83300000001509","38.95800000009331","2.5000000000545697","24.14812500000039","0.6427207081286588","개선"
"computed-visible-derived","mount-active","2.329459022888159","2.688332987602223","2.295458986648555","2.580500028793267","26.626029197814205","20.124020687035227","33.249992847402154","1.7089686393774173","11.647295114440794","1.1430134179738505","개선"
"computed-visible-derived","update-wall","1.5016659999998865","2.0446680000000015","1.4585400000000845","1.9865000000000919","35.207999999897766","25.666000000001077","47.125999999707346","3.376000000116619","7.508329999999432","2.344595935441065","개선"
"computed-visible-derived","update-active","1.5043340921401978","2.047001004219055","1.4605430364608765","1.9904589653014568","34.79206562042236","25.416970252990723","46.54198884963989","3.1659603118896484","7.521670460700989","2.3127884824390383","개선"
