"row_key","column","unit","blocks","seed","base_median","candidate_median","block_median_delta","ci99_low","ci99_high","aa_magnitude","regression_floor","excludes_zero","flagged_regression","significant_gain","work_changed","changed_component_calls","base_first_delta","candidate_first_delta"
"array-100/off/commits-mount","record","commits","24","2610160831","2","2","0","0","0","","","false","false","false","true","1209","0","0"
"array-100/off/commits-mount-nogc","record","commits","24","4071867519","2","2","0","0","0","","","false","false","false","true","1209","0","0"
"array-100/off/commits-update","record","commits","24","4142760807","1","1","0","0","0","","","false","false","false","true","12","0","0"
"array-100/off/commits-update-nogc","record","commits","24","2664996103","1","1","0","0","0","","","false","false","false","true","12","0","0"
"array-100/off/mount-active","verdict","ms","24","1467506953","59.877750488941274","59.445104548398604","0.30520854410747233","-0.2451250507278928","0.9962914926647954","0.08006149770722004","0.29938875244470636","false","false","false","true","1209","0.1289790199359686","0.4248960139752853"
"array-100/off/mount-active-nogc","record","ms","24","1299137093","47.662333511829274","47.170666476873066","0.3877910287578743","-0.045687543868098146","0.8532100130960316","","","false","false","false","true","1209","0.5469790182669385","0.33312452145764837"
"array-100/off/mount-wall","verdict","ms","24","2827396979","62.30943750000006","61.91472900000008","0.36697899999990113","-0.30612449999966884","0.9902090000000499","0.019874999999956344","0.3115471875000003","false","false","false","true","1209","0.07472899999993388","0.5430625000001328"
"array-100/off/mount-wall-nogc","record","ms","24","3073177163","49.59716649999973","49.38468750000038","0.09531250000009095","-0.29524899999978516","0.5691460000002735","","","false","false","false","true","1209","0.34733300000016243","-0.0037710000001425215"
"array-100/off/profiler-mount","record","ms","24","1184547854","45.06000599998333","45.18146149998688","-0.17948599997339443","-0.6440709999465071","0.39082299995152425","","","false","false","false","true","1209","-0.2784589999907894","-0.058951000014303645"
"array-100/off/profiler-mount-nogc","record","ms","24","3853335608","38.33995649999315","38.66367000000537","-0.3818440000886767","-0.7601390000668289","-0.2268769999518554","","","true","false","false","true","1209","-0.3556985000327586","-0.45521450004162034"
"array-100/off/profiler-update","record","ms","24","545736728","0.2255969999973786","0.22731149999958689","-0.0017164999990200158","-0.004387499994209065","0.00043500000538188033","","","false","false","false","true","12","-0.003616000004512898","-0.0008275000045614433"
"array-100/off/profiler-update-nogc","record","ms","24","4186909310","0.15876500000103988","0.15493549999700917","0.005040999993980222","0.0015240000111589325","0.007261999994625512","","","true","false","false","true","12","0.0028970000048502698","0.00647750002462999"
"array-100/off/update-active","verdict","ms","24","2506720195","0.7986249923706055","0.7922709882259369","0.010291039943695068","-0.002666473388671875","0.01933300495147705","0.0017910599708557129","0.003993124961853028","false","false","false","true","12","0.011936992406845093","0.008770525455474854"
"array-100/off/update-active-nogc","record","ms","24","417039099","0.6074374914169312","0.5996669828891754","0.007354468107223511","-0.010042011737823486","0.027562499046325684","","","false","false","false","true","12","0.01237499713897705","0.005353957414627075"
"array-100/off/update-wall","verdict","ms","24","3678003465","0.796228999999812","0.7901454999998805","0.010541999999986729","-0.0021679999999832944","0.01966700000025412","0.0019585000000006403","0.00398114499999906","false","false","false","true","12","0.012084000000186279","0.008312500000101863"
"array-100/off/update-wall-nogc","record","ms","24","3562259013","0.605583999999908","0.597353999999541","0.006875000000491127","-0.008667000000059488","0.02770799999962037","","","false","false","false","true","12","0.013144999999894935","0.004479500000343251"
"array-1000/off/commits-mount","record","commits","24","3577150671","2","2","0","0","0","","","false","false","false","true","12009","0","0"
"array-1000/off/commits-mount-nogc","record","commits","24","3743575599","2","2","0","0","0","","","false","false","false","true","12009","0","0"
"array-1000/off/commits-update","record","commits","24","2577135543","1","1","0","0","0","","","false","false","false","true","12","0","0"
"array-1000/off/commits-update-nogc","record","commits","24","624689975","1","1","0","0","0","","","false","false","false","true","12","0","0"
"array-1000/off/mount-active","verdict","ms","24","1576287993","585.0357290073371","579.4225215067308","5.670250013296027","-0.5785425005324214","10.845123966326355","0.8000199941325263","2.9251786450366852","false","false","false","true","12009","4.617668005057567","5.670250013296027"
"array-1000/off/mount-active-nogc","record","ms","24","3252590549","512.4252295169208","509.7126869836429","0.42997946409741417","-7.615584971601493","6.028958993309061","","","false","false","false","true","12009","0.42997946409741417","0.5884794692974538"
"array-1000/off/mount-wall","verdict","ms","24","313677379","586.4432289999986","581.4315419999966","4.731688000001668","-1.5810419999943406","10.835708999999042","1.0431245000017952","2.9322161449999933","false","false","false","true","12009","3.8426459999991494","4.911208999999872"
"array-1000/off/mount-wall-nogc","record","ms","24","188045947","514.5018335000059","511.6333749999976","1.4087284999986878","-7.770416999999725","6.254708500004199","","","false","false","false","true","12009","1.5266039999914938","0.6403954999987036"
"array-1000/off/profiler-mount","record","ms","24","3538961118","441.5479325001688","445.37078599978486","-5.208023499397314","-8.186854499643232","-1.422469999648456","","","true","false","false","true","12009","-6.0832454991304985","-3.551514499948098"
"array-1000/off/profiler-mount-nogc","record","ms","24","3551916968","389.4126119988505","397.00091799832444","-7.350136999542883","-16.850666998449014","-3.520422001645784","","","true","false","false","true","12009","-6.998547000002873","-9.485077998819179"
"array-1000/off/profiler-update","record","ms","24","2158175528","0.6781440000577277","0.6807390000612941","0.0012645001952478196","-0.020593500097675133","0.01989699983096216","","","false","false","false","true","12","-0.00048049983706732746","0.0036280001022532815"
"array-1000/off/profiler-update-nogc","record","ms","24","2786604270","0.5047250000643544","0.5273499998438638","-0.024012000125367194","-0.03271599985600915","-0.012978999824554194","","","true","false","false","true","12","-0.026532499912718777","-0.02195099982782267"
"array-1000/off/update-active","verdict","ms","24","3784178547","2.212666481733322","1.7638955116271973","3.188958466053009","0.14931246638298035","3.4265000224113464","0.048353999853134155","0.048353999853134155","true","false","true","true","12","3.034708470106125","3.188958466053009"
"array-1000/off/update-active-nogc","record","ms","24","4228772427","1.4068959951400757","1.5794790089130402","-0.19606301188468933","-0.24799948930740356","-0.11470901966094971","","","true","false","false","true","12","-0.19002100825309753","-0.20595800876617432"
"array-1000/off/update-wall","verdict","ms","24","2810534041","2.2080834999997023","1.7596875000017462","3.1845625000005384","0.14835449999918637","3.4066249999959837","0.04527099999904749","0.04527099999904749","true","false","true","true","12","3.0335835000023508","3.1845625000005384"
"array-1000/off/update-wall-nogc","record","ms","24","2815508597","1.401958000002196","1.5744790000026114","-0.1971244999949704","-0.2409159999951953","-0.107666000003519","","","true","false","false","true","12","-0.1925624999930733","-0.20749949999299133"
"array-500/off/commits-mount","record","commits","24","3855753891","2","2","0","0","0","","","false","false","false","true","6009","0","0"
"array-500/off/commits-mount-nogc","record","commits","24","898723547","2","2","0","0","0","","","false","false","false","true","6009","0","0"
"array-500/off/commits-update","record","commits","24","957492747","1","1","0","0","0","","","false","false","false","true","12","0","0"
"array-500/off/commits-update-nogc","record","commits","24","2657669475","1","1","0","0","0","","","false","false","false","true","12","0","0"
"array-500/off/mount-active","verdict","ms","24","2983199037","295.54060348811436","291.2022295060151","2.7908954964586883","2.0540844931065294","4.2580619772024875","1.0569784825047464","1.4777030174405719","true","false","true","true","6009","2.527750019551604","3.1650829589352725"
"array-500/off/mount-active-nogc","record","ms","24","603430209","247.529916506679","244.4381664798275","2.392186953780765","0.764499041964882","5.815667024129652","","","true","false","false","true","6009","1.6905415050023294","2.528395482360793"
"array-500/off/mount-wall","verdict","ms","24","1494828087","297.97735399999874","293.6189164999996","2.7872494999983246","2.1265415000007124","4.311729500000183","0.7163750000008804","1.4898867699999938","true","false","true","true","6009","2.5230834999983927","3.116562499999418"
"array-500/off/mount-wall-nogc","record","ms","24","2841954487","249.64158300000054","246.52227050000147","2.692666499999177","0.6207494999980554","6.042749499996717","","","true","false","false","true","6009","1.7321870000014314","2.947958500000823"
"array-500/off/profiler-mount","record","ms","24","2096945930","228.3498059998983","227.89013950007666","-0.9074899997631292","-1.8703000001069086","0.8939639993805031","","","false","false","false","true","6009","-0.9110704999211521","-0.527884999843991"
"array-500/off/profiler-mount-nogc","record","ms","24","2870699180","192.1333769999219","191.97324649988514","-0.9346429998731764","-1.9432145003956975","2.7233414994079794","","","false","false","false","true","6009","-0.4181205002714705","-1.1034660005097976"
"array-500/off/profiler-update","record","ms","24","2353739908","0.4043489999785379","0.4107854999911069","-0.0064559999909761245","-0.010506999989956967","-0.00278399994931533","","","true","false","false","true","12","-0.005334999960723508","-0.008478000017021259"
"array-500/off/profiler-update-nogc","record","ms","24","992511650","0.31580600001689163","0.3104875001045002","0.003771499963477254","0.00012000008428003639","0.010833000058482867","","","true","false","false","true","12","0.003771499963477254","0.0035649999881570693"
"array-500/off/update-active","verdict","ms","24","2602124631","3.9113334715366364","3.7763749957084656","0.12987500429153442","0.1232914924621582","0.1603970229625702","0.017479002475738525","0.01955666735768318","true","false","true","true","12","0.12718796730041504","0.13656198978424072"
"array-500/off/update-active-nogc","record","ms","24","3159027671","1.0764580070972443","1.1771250069141388","-0.10302048921585083","-0.19545802474021912","-0.02004152536392212","","","true","false","false","true","12","-0.0697699785232544","-0.11683350801467896"
"array-500/off/update-wall","verdict","ms","24","4291737357","3.9068335000010848","3.7716255000013916","0.12974999999823922","0.12037550000059127","0.159708999999566","0.017250500000045577","0.019534167500005424","true","false","true","true","12","0.1265415000016219","0.1379995000006602"
"array-500/off/update-wall-nogc","record","ms","24","2868213681","1.0718120000019553","1.1727084999984072","-0.10374999999839929","-0.19383300000117742","-0.01358299999992596","","","true","false","false","true","12","-0.07168750000346336","-0.11570799999390147"
"array-push-100/off/commits-mount","record","commits","24","1341656048","2","2","0","0","0","","","false","false","false","true","9","0","0"
"array-push-100/off/commits-mount-nogc","record","commits","24","1352238550","2","2","0","0","0","","","false","false","false","true","9","0","0"
"array-push-100/off/commits-update","record","commits","24","2100909718","100","100","0","0","0","","","false","false","false","true","1800","0","0"
"array-push-100/off/commits-update-nogc","record","commits","24","304791392","100","100","0","0","0","","","false","false","false","true","1800","0","0"
"array-push-100/off/mount-active","verdict","ms","24","3185389864","1.6341659786339733","1.6223130033381494","0.012687495708178176","-0.0011245031912494596","0.01762406408033712","0.007543008216543967","0.008170829893169867","false","false","false","true","9","0.007666503428708893","0.013708997818184798"
"array-push-100/off/mount-active-nogc","record","ms","24","916674798","0.7020624992846933","0.729270975442887","-0.028771528280230996","-0.03783446214583819","-0.018750005245237844","","","true","false","false","true","9","-0.03243747982742207","-0.024105519752083637"
"array-push-100/off/mount-wall","verdict","ms","24","3438970718","4.140063000000282","4.127854000000752","0.011437499999374268","-0.0022910000002411834","0.027291000000332133","0.007083000000420725","0.02070031500000141","false","false","false","true","9","0.0031665000005887123","0.01949949999971068"
"array-push-100/off/mount-wall-nogc","record","ms","24","3523715368","3.208625000000211","3.2071040000009816","0.0031865000009929645","-0.011873999999806983","0.011042000000088592","","","false","false","false","true","9","0.005604500000117696","-0.00660399999924266"
"array-push-100/off/profiler-mount","record","ms","24","2841079107","1.2009199999993143","1.1956420000051367","0.005752000000029511","-0.003065499995045684","0.012676000001192733","","","false","false","false","true","9","0.0010375000033491233","0.00967300000047544"
"array-push-100/off/profiler-mount-nogc","record","ms","24","2505498491","0.5018155000079787","0.5130820000013046","-0.009920000014972175","-0.020126499985963164","-0.0021310000047378708","","","true","false","false","true","9","-0.009018500014462916","-0.012000999992778816"
"array-push-100/off/profiler-update","record","ms","24","3206080811","53.270465500032515","53.25674249990993","0.03631299984954239","-0.4891354999451778","0.5534424999314069","","","false","false","false","true","1800","0.0319209999343002","0.03631299984954239"
"array-push-100/off/profiler-update-nogc","record","ms","24","483720963","41.65909550000197","42.12657399992804","-0.49487599976328056","-0.7697509998215537","-0.07671700007540494","","","true","false","false","true","1800","-0.6224379999621306","-0.3897380002281352"
"array-push-100/off/update-active","verdict","ms","24","636982656","110.34358608722687","109.40435519814491","1.0229777991771698","0.18666839599609375","2.0200634002685547","0.18039178848266602","0.5517179304361344","true","false","true","true","1800","1.1538802981376648","0.8722062408924103"
"array-push-100/off/update-active-nogc","record","ms","24","3264855558","82.749744951725","82.58527562022209","0.11424550414085388","-1.016789436340332","0.8450987040996552","","","false","false","false","true","1800","-0.06216418743133545","0.20855382084846497"
"array-push-100/off/update-wall","verdict","ms","24","2082688358","110.29166149999355","109.34958300000062","1.0275250000024698","0.255624999997508","2.1453070000079606","0.17781249999870852","0.5514583074999678","true","false","true","true","1800","1.1533955000063543","0.8720395000025292"
"array-push-100/off/update-wall-nogc","record","ms","24","1327073296","82.70437100000618","82.5451224999988","0.11749999999756255","-1.0298324999957913","0.7130819999820233","","","false","false","false","true","1800","-0.060228500013181474","0.21279149999645597"
"array-push-remove-100/off/commits-mount","record","commits","24","2783333045","2","2","0","0","0","","","false","false","false","true","9","0","0"
"array-push-remove-100/off/commits-mount-nogc","record","commits","24","22194681","2","2","0","0","0","","","false","false","false","true","9","0","0"
"array-push-remove-100/off/commits-update","record","commits","24","768249737","200","200","0","0","0","","","false","false","false","true","2400","0","0"
"array-push-remove-100/off/commits-update-nogc","record","commits","24","2926456261","200","200","0","0","0","","","false","false","false","true","2400","0","0"
"array-push-remove-100/off/mount-active","verdict","ms","24","1262785335","1.5397290224116205","1.5351880289035762","0.0016865444927134376","-0.011728506859071786","0.019313543777570885","0.001749975773236656","0.007698645112058103","false","false","false","true","9","-0.0001465100135646935","0.0049794692445175315"
"array-push-remove-100/off/mount-active-nogc","record","ms","24","2890593719","0.673292502530785","0.7108755162680609","-0.03552153106829792","-0.04570702072396671","-0.025167010197037598","","","true","false","false","true","9","-0.04189548740032478","-0.0334589890899224"
"array-push-remove-100/off/mount-wall","verdict","ms","24","1383781613","4.045437999999649","4.039937500000178","0.003041500000108499","-0.008062500000505679","0.016292000000248663","0.0006460000001879962","0.020227189999998247","false","false","false","true","9","0.0023754999997436244","0.010562500000105501"
"array-push-remove-100/off/mount-wall-nogc","record","ms","24","307213201","3.1812914999991335","3.217646000000059","-0.033895500000653556","-0.04770850000113569","-0.024459000001115783","","","true","false","false","true","9","-0.044729000000188535","-0.03254199999901175"
"array-push-remove-100/off/profiler-mount","record","ms","24","1897037276","1.1323304999923494","1.1308969999945475","0.0009979999954339291","-0.009871999998722458","0.011496500002976973","","","false","false","false","true","9","0.0009979999954339291","0.0017505000062101317"
"array-push-remove-100/off/profiler-mount-nogc","record","ms","24","4102193978","0.4915999999993801","0.5228735000064262","-0.03206749998844316","-0.03787949998604745","-0.026460999990376877","","","true","false","false","true","9","-0.03423049999310024","-0.03127349998521822"
"array-push-remove-100/off/profiler-update","record","ms","24","1473646802","61.78263699988929","62.38751650009681","-0.6327655000914092","-1.674592999951983","0.4288029999547689","","","false","false","false","true","2400","-0.6889879998520883","-0.16482250004446541"
"array-push-remove-100/off/profiler-update-nogc","record","ms","24","319303284","47.71535649983889","48.33872150011939","-0.480154999964725","-1.1045170002016675","0.2883215000383643","","","false","false","false","true","2400","-0.705001499656646","0.05556550025994511"
"array-push-remove-100/off/update-active","verdict","ms","24","403426221","162.33937549591064","162.41422829031944","0.28192964196227877","-2.4308097660536987","1.1085893213748932","0.2632001042363754","0.8116968774795532","false","false","false","true","2400","-0.10947898030281067","0.7559194266796112"
"array-push-remove-100/off/update-active-nogc","record","ms","24","1176535249","122.89857944846153","122.48406559228897","1.028859794139862","-0.269126296043396","2.223006099462509","","","false","false","false","true","2400","0.7440856397151947","1.6398284137248993"
"array-push-remove-100/off/update-wall","verdict","ms","24","39727239","162.2568910000009","162.33189649998985","0.284563000001981","-3.013457999983075","1.1617469999937384","0.25463150000996393","0.8112844550000046","false","false","false","true","2400","-0.10079849999874568","0.778540500010422"
"array-push-remove-100/off/update-wall-nogc","record","ms","24","2521155623","122.84538399999838","122.42683500000021","1.0272699999995893","-0.5091099999890503","2.2212949999720877","","","false","false","false","true","2400","0.7422469999810346","1.640142500003094"
"array-replace-200/off/commits-mount","record","commits","24","3848211251","2","2","0","0","0","","","false","false","false","true","9","0","0"
"array-replace-200/off/commits-mount-nogc","record","commits","24","2963327627","2","2","0","0","0","","","false","false","false","true","9","0","0"
"array-replace-200/off/commits-update","record","commits","24","288186459","1","1","0","0","0","","","false","false","false","true","2406","0","0"
"array-replace-200/off/commits-update-nogc","record","commits","24","4048641683","1","1","0","0","0","","","false","false","false","true","2406","0","0"
"array-replace-200/off/mount-active","verdict","ms","24","4000739245","1.8431049879873171","1.8394380076292691","0.00587599391110416","-0.010062983365969558","0.015876038568876538","0.000979472582002927","0.009215524939936586","false","false","false","true","9","-0.005707982210424234","0.010624967995909174"
"array-replace-200/off/mount-active-nogc","record","ms","24","685206737","0.83129202694181","0.8842505034854184","-0.055101986298723205","-0.064459005905519","-0.04791600495263992","","","true","false","false","true","9","-0.058855516687799536","-0.049603506915445905"
"array-replace-200/off/mount-wall","verdict","ms","24","2427925639","4.348875000000589","4.3459165000012945","0.0032295000005433394","-0.005790999999589985","0.010957999999845924","0.004625499999747262","0.02174437500000295","false","false","false","true","9","0.003646000000571803","0.002500000000509317"
"array-replace-200/off/mount-wall-nogc","record","ms","24","1345311783","3.3074369999994815","3.3738959999991494","-0.066124499999205","-0.07329099999878963","-0.0597909999996773","","","true","false","false","true","9","-0.06741650000003574","-0.06375000000025466"
"array-replace-200/off/profiler-mount","record","ms","24","4153967386","1.2652909999997064","1.2671420000028775","-0.004743500002859946","-0.01812100000643113","0.006970499993258272","","","false","false","false","true","9","-0.005825999996432074","-0.0019150000025547342"
"array-replace-200/off/profiler-mount-nogc","record","ms","24","391627740","0.5884825000102865","0.6368340000026365","-0.049914999999600695","-0.05436699998790573","-0.04291500001454551","","","true","false","false","true","9","-0.05208049999146169","-0.048518499995225284"
"array-replace-200/off/profiler-update","record","ms","24","3580289364","89.20631549998598","89.8480129999707","-0.07578750006155133","-1.7286230000072464","0.544045499907952","","","false","false","false","true","2406","0.24808650000750276","-0.44795300015539397"
"array-replace-200/off/profiler-update-nogc","record","ms","24","3801308498","72.97384150004291","72.36198799999238","0.9140764999856401","-0.3240154998293292","1.3497260001513496","","","false","false","false","true","2406","1.0235794999489372","0.34121250002681336"
"array-replace-200/off/update-active","verdict","ms","24","1959007943","116.48939600586891","115.95389598608017","1.1723119914536255","-0.6420409977436066","1.953957974910736","0.7726250290870667","0.7726250290870667","false","false","false","true","2406","1.3900000154972076","1.1201244890694397"
"array-replace-200/off/update-active-nogc","record","ms","24","2357042407","94.00706252455711","94.6644995212555","-0.7287079691886902","-1.8112709522247314","0.09375","","","false","false","false","true","2406","-0.20724952220916748","-1.0282289683818817"
"array-replace-200/off/update-wall","verdict","ms","24","831753053","116.48591699999997","115.95008350000035","1.1724379999993744","-0.6420829999992748","1.9533329999994749","0.7725630000004458","0.7725630000004458","false","false","false","true","2406","1.389812999999549","1.1204585000000407"
"array-replace-200/off/update-wall-nogc","record","ms","24","2537707873","94.00272949999908","94.66050000000087","-0.7280420000006416","-1.7620409999981348","0.11912499999925785","","","false","false","false","true","2406","-0.2071044999993319","-1.0279995000009876"
"computed-visible-derived/off/commits-mount","record","commits","24","379913870","2","2","0","0","0","","","false","false","false","true","18","0","0"
"computed-visible-derived/off/commits-mount-nogc","record","commits","24","2540659640","2","2","0","0","0","","","false","false","false","true","18","0","0"
"computed-visible-derived/off/commits-update","record","commits","24","548272024","3","3","0","0","0","","","false","false","false","true","25","0","0"
"computed-visible-derived/off/commits-update-nogc","record","commits","24","1311987966","3","3","0","0","0","","","false","false","false","true","25","0","0"
"computed-visible-derived/off/mount-active","verdict","ms","24","3586329294","2.3459790066757478","2.3389154896926527","0.01029049578090735","-0.01374906026461531","0.02239599875258591","0.006625524887112988","0.01172989503337874","false","false","false","true","18","0.012749464384114617","0.00339599603842089"
"computed-visible-derived/off/mount-active-nogc","record","ms","24","2729502840","1.0320210258961993","1.0327294958190691","0.0011880070609890936","-0.009834488666569996","0.011582975149167396","","","false","false","false","true","18","0.006082498331068109","-0.003748518045313176"
"computed-visible-derived/off/mount-wall","verdict","ms","24","2048833768","4.847583000000043","4.8433954999999855","0.01193799999998646","-0.007749999999987267","0.031249999999886313","0.0036870000000135406","0.024237915000000214","false","false","false","true","18","0.0235414999999648","0.006896000000040203"
"computed-visible-derived/off/mount-wall-nogc","record","ms","24","4177360942","3.527145500000074","3.5345834999999397","-0.00283300000012332","-0.024707999999918684","0.011458500000003369","","","false","false","false","true","18","-0.0023955000001478766","-0.007999499999982618"
"computed-visible-derived/off/profiler-mount","record","ms","24","768855777","1.8423130000001606","1.850697000000082","-0.004742500000702421","-0.01968649999957961","0.00898800000055644","","","false","false","false","true","18","0.00007249999947589458","-0.012789000000225315"
"computed-visible-derived/off/profiler-mount-nogc","record","ms","24","4241458013","0.8048624999997855","0.8160389999991366","-0.014764999998078565","-0.023505000000568543","0.0004059999982928275","","","false","false","false","true","18","-0.005523000000835054","-0.017536499998527688"
"computed-visible-derived/off/profiler-update","record","ms","24","208652069","0.47498599999988755","0.4717914999994832","-0.00014300000015055048","-0.006707999999093772","0.01235300000035977","","","false","false","false","true","25","0.0069690000001969565","-0.005537499999775264"
"computed-visible-derived/off/profiler-update-nogc","record","ms","24","1602370569","0.3384330000000091","0.34108850000018265","-0.0012055000025839036","-0.009107000000994958","0.005643999999733751","","","false","false","false","true","25","-0.0024380000024848414","0.00023249999901509"
"computed-visible-derived/off/update-active","verdict","ms","24","1607089818","1.4665630161762238","1.4370214939117432","0.029708027839660645","0.012291967868804932","0.055541545152664185","0.011396586894960592","0.011396586894960592","true","false","true","true","25","0.04208293557167053","0.016437023878097534"
"computed-visible-derived/off/update-active-nogc","record","ms","24","2428114524","0.9646459221839905","0.9600425064563751","0.00006249547004699707","-0.006667017936706543","0.02164548635482788","","","false","false","false","true","25","0.0065194666385650635","-0.0032075345516204834"
"computed-visible-derived/off/update-wall","verdict","ms","24","1230204644","1.4637500000000045","1.4339375000000132","0.029646000000184358","0.013626000000158456","0.055500499999993735","0.011708999999939351","0.011708999999939351","true","false","true","true","25","0.04216600000006565","0.01733399999983476"
"computed-visible-derived/off/update-wall-nogc","record","ms","24","3882427906","0.9633949999999913","0.9587709999998424","-5.000000555810402e-7","-0.0066660000002229935","0.018166000000292115","","","false","false","false","true","25","0.006477999999788153","-0.003145000000131404"
"flat-100/off/commits-mount","record","commits","24","459114595","2","2","0","0","0","","","false","false","false","true","306","0","0"
"flat-100/off/commits-mount-nogc","record","commits","24","1681252891","2","2","0","0","0","","","false","false","false","true","306","0","0"
"flat-100/off/commits-update","record","commits","24","1216049867","10","10","0","0","0","","","false","false","false","true","60","0","0"
"flat-100/off/commits-update-nogc","record","commits","24","4012154787","10","10","0","0","0","","","false","false","false","true","60","0","0"
"flat-100/off/mount-active","verdict","ms","24","163732733","13.692895522979825","13.459458973737696","0.12127150042152834","0.016312497285809968","0.6677079901696743","0.04535499790972608","0.06846447761489913","true","false","true","true","306","0.1542914974137375","0.10204202349262914"
"flat-100/off/mount-active-nogc","record","ms","24","2403458945","10.760479497285814","10.656228996185291","0.11089546552102547","0.028416996002306405","0.199501087077806","","","true","false","false","true","306","0.06691554071426253","0.13652052912311774"
"flat-100/off/mount-wall","verdict","ms","24","1409844215","16.165000500000133","15.927333500000032","0.157124500000009","0.048665999999911946","0.6491249999996853","0.03116699999998218","0.08082500250000067","true","false","true","true","306","0.20052050000003874","0.10135449999984303"
"flat-100/off/mount-wall-nogc","record","ms","24","1612217591","12.011853999999857","11.959583500000008","0.06135449999987941","0.007126000000425847","0.12566700000024866","","","true","false","false","true","306","0.028292000000192274","0.10381250000023101"
"flat-100/off/profiler-mount","record","ms","24","2491279818","11.427698500003771","11.339576499992859","0.0405650000100195","-0.05809249999242638","0.44280850000222927","","","false","false","false","true","306","0.0405650000100195","0.04415450000112742"
"flat-100/off/profiler-mount-nogc","record","ms","24","2231215084","7.8895309999975325","8.024811000002956","-0.1353545000156373","-0.1771945000098185","-0.09268099997962054","","","true","false","false","true","306","-0.1438120000143499","-0.12055450000661949"
"flat-100/off/profiler-update","record","ms","24","157664836","0.747639499998968","0.7487104999989924","0.006637500003762398","-0.013832000001002598","0.01669150000100217","","","false","false","false","true","60","0.006637500003762398","0.008344999997575542"
"flat-100/off/profiler-update-nogc","record","ms","24","3085988322","0.5579209999987143","0.5676910000042881","-0.013827999997602092","-0.016787999992175173","-0.0009514999994735263","","","true","false","false","true","60","-0.008117999998603409","-0.014249499993184145"
"flat-100/off/update-active","verdict","ms","24","259840279","2.6443325877189636","2.6058954894542694","0.03860342502593994","-0.0023748576641082764","0.09483492374420166","0.011750966310501099","0.013221662938594819","false","false","false","true","60","0.02181297540664673","0.062355607748031616"
"flat-100/off/update-active-nogc","record","ms","24","3693316887","1.9710409939289093","2.0202285051345825","-0.052979499101638794","-0.0745815634727478","-0.03241854906082153","","","true","false","false","true","60","-0.053560495376586914","-0.05172806978225708"
"flat-100/off/update-wall","verdict","ms","24","3029297869","2.6386859999998933","2.601666999999793","0.03772999999989679","-0.014665999999806445","0.09364349999987098","0.012398000000075626","0.013193429999999466","false","false","false","true","60","0.020480999999278993","0.061205000000029486"
"flat-100/off/update-wall-nogc","record","ms","24","2984018929","1.968042499999683","2.01652200000035","-0.052729500000623375","-0.0737735000000157","-0.03393750000009277","","","true","false","false","true","60","-0.05349900000010166","-0.051647500001081426"
"flat-50/off/commits-mount","record","commits","24","3150662319","2","2","0","0","0","","","false","false","false","true","156","0","0"
"flat-50/off/commits-mount-nogc","record","commits","24","2354770447","2","2","0","0","0","","","false","false","false","true","156","0","0"
"flat-50/off/commits-update","record","commits","24","1124991511","10","10","0","0","0","","","false","false","false","true","60","0","0"
"flat-50/off/commits-update-nogc","record","commits","24","622118423","10","10","0","0","0","","","false","false","false","true","60","0","0"
"flat-50/off/mount-active","verdict","ms","24","4167019993","7.567020994333291","7.615416525785463","-0.07031201940344545","-0.17091597538751557","0.014583520229393798","0.011977998641953036","0.03783510497166646","false","false","false","true","156","-0.03702098730849457","-0.1298535346259655"
"flat-50/off/mount-active-nogc","record","ms","24","168613173","5.427625012067779","5.412604995525385","0.050479986135542276","-0.06847845688241705","0.1909159866486334","","","false","false","false","true","156","0.03335500071523256","0.07429199191290081"
"flat-50/off/mount-wall","verdict","ms","24","4115723299","10.042604500000039","10.10612500000002","-0.111291499999993","-0.17064649999997528","0.07383349999992106","0.017937000000017633","0.0502130225000002","false","false","false","true","156","-0.111291499999993","-0.1263755000000515"
"flat-50/off/mount-wall-nogc","record","ms","24","3653600091","7.359708000000069","7.433499500000153","-0.07058349999988422","-0.15364550000015242","-0.034416999999848485","","","true","false","false","true","156","-0.11460449999992761","-0.051499999999919055"
"flat-50/off/profiler-mount","record","ms","24","2060461758","6.3702794999998105","6.445105000003537","-0.10367249999706019","-0.1819515000003662","0.001214499996081031","","","false","false","false","true","156","-0.05601250000216851","-0.1494814999990126"
"flat-50/off/profiler-mount-nogc","record","ms","24","1641954184","4.130593999998041","4.220309000001521","-0.11199400000157311","-0.15655000000708696","-0.04842599999619779","","","true","false","false","true","156","-0.14416050000102132","-0.08346949999861408"
"flat-50/off/profiler-update","record","ms","24","2413391752","0.7532960000011144","0.7626515000000609","-0.008312000001296838","-0.03017399999941972","0.013950000005479524","","","false","false","false","true","60","-0.00615700000042807","-0.017173499999330488"
"flat-50/off/profiler-update-nogc","record","ms","24","1054933710","0.4805579999982683","0.48670350000190865","-0.005233499997530089","-0.015841499997918618","0.0023864999971010548","","","false","false","false","true","60","-0.0129330000020218","0.0017269999966629257"
"flat-50/off/update-active","verdict","ms","24","2186597459","2.5413350462913513","2.517436981201172","0.029397964477539062","-0.010729551315307617","0.050853580236434937","0.001977086067199707","0.012706675231456757","false","false","false","true","60","0.025313913822174072","0.033979564905166626"
"flat-50/off/update-active-nogc","record","ms","24","2197239979","1.726186990737915","1.7278135418891907","0.0012479126453399658","-0.0074574947357177734","0.025521457195281982","","","false","false","false","true","60","-0.0021694302558898926","0.018959373235702515"
"flat-50/off/update-wall","verdict","ms","24","865362809","2.5366874999997435","2.5136884999997164","0.029896500000006654","-0.0020839999997406267","0.05118799999991097","0.002187000000049011","0.012683437499998718","false","false","false","true","60","0.02547899999984793","0.03406349999966096"
"flat-50/off/update-wall-nogc","record","ms","24","3027887445","1.7218980000002375","1.7248334999998178","0.0010639999991326476","-0.007104500000082226","0.026455999999598134","","","false","false","false","true","60","-0.002415999999698215","0.020479499999396467"
"flat-500/off/commits-mount","record","commits","24","1192935039","2","2","0","0","0","","","false","false","false","true","1506","0","0"
"flat-500/off/commits-mount-nogc","record","commits","24","2970759103","2","2","0","0","0","","","false","false","false","true","1506","0","0"
"flat-500/off/commits-update","record","commits","24","2881489959","10","10","0","0","0","","","false","false","false","true","60","0","0"
"flat-500/off/commits-update-nogc","record","commits","24","2515369799","10","10","0","0","0","","","false","false","false","true","60","0","0"
"flat-500/off/mount-active","verdict","ms","24","4135021769","67.18606248103742","66.8900414978541","0.552353971004095","-0.4766669823570737","0.7650214907566806","0.056375480835185954","0.3359303124051871","false","false","false","true","1506","0.7341464530868507","0.08987549580047016"
"flat-500/off/mount-active-nogc","record","ms","24","741577861","53.055208016397046","52.9275414705271","0.20783349394787365","-0.16606200300793716","0.7000399922599172","","","false","false","false","true","1506","0.20783349394787365","0.2162700178259911"
"flat-500/off/mount-wall","verdict","ms","24","3089409843","69.65387499999997","69.34072900000001","0.4997294999996029","-0.4524365000002035","0.8019379999998364","0.19675049999978","0.3482693749999999","false","false","false","true","1506","0.8019379999998364","0.1371035000001939"
"flat-500/off/mount-wall-nogc","record","ms","24","3479871115","55.02372900000137","54.883333499999935","0.22381249999943975","-0.35664600000018254","0.7882915000000139","","","false","false","false","true","1506","0.1788329999999405","0.22381249999943975"
"flat-500/off/profiler-mount","record","ms","24","1582038990","56.13844249996441","56.35913749999281","-0.0771194999990712","-0.7784949999872879","0.38049849995968543","","","false","false","false","true","1506","0.2523670000089169","-0.44789050002668773"
"flat-500/off/profiler-mount-nogc","record","ms","24","1911981944","43.112370499967255","43.348597499977586","-0.22298899993347732","-0.4791930000292268","0.19777550001435884","","","false","false","false","true","1506","-0.1798525000740483","-0.25384849999772996"
"flat-500/off/profiler-update","record","ms","24","2470210520","1.3320454999977756","1.403365000001486","-0.06664350006576569","-0.08998749998499989","-0.05707100001336585","","","true","false","false","true","60","-0.0675040000980971","-0.06453849998229089"
"flat-500/off/profiler-update-nogc","record","ms","24","2319157950","0.9031654999535021","0.9377885001085815","-0.03311250006481714","-0.04199999993579695","-0.018261999983224086","","","true","false","false","true","60","-0.028099999868572922","-0.03536149991396087"
"flat-500/off/update-active","verdict","ms","24","3221249155","6.994436025619507","6.873144954442978","0.11089855432510376","0.05479323863983154","0.1823953092098236","0.019812583923339844","0.03497218012809754","true","false","true","true","60","0.10037708282470703","0.12277162075042725"
"flat-500/off/update-active-nogc","record","ms","24","1021516347","3.360168069601059","3.3055624663829803","0.04291641712188721","0.020125985145568848","0.11183500289916992","","","true","false","false","true","60","0.05875098705291748","0.03556293249130249"
"flat-500/off/update-wall","verdict","ms","24","1283938761","6.989604999999756","6.867062500001339","0.11212350000141669","0.05383100000040031","0.19091750000006869","0.022980499998993764","0.03494802499999878","true","false","true","true","60","0.10214300000006915","0.12279150000222216"
"flat-500/off/update-wall-nogc","record","ms","24","3222281093","3.3568545000016456","3.3023959999982253","0.04220899999654648","0.010312000001249544","0.11308650000046327","","","true","false","false","true","60","0.05858300000454619","0.034376499995232734"
"nested-d3-f4/off/commits-mount","record","commits","24","3102923966","2","2","0","0","0","","","false","false","false","true","258","0","0"
"nested-d3-f4/off/commits-mount-nogc","record","commits","24","281599368","2","2","0","0","0","","","false","false","false","true","258","0","0"
"nested-d3-f4/off/commits-update","record","commits","24","1618866568","10","10","0","0","0","","","false","false","false","true","120","0","0"
"nested-d3-f4/off/commits-update-nogc","record","commits","24","2587756750","10","10","0","0","0","","","false","false","false","true","120","0","0"
"nested-d3-f4/off/mount-active","verdict","ms","24","137230174","11.519292008161528","11.536937968345683","-0.0026664663276392275","-0.14368801525881736","0.14785297667117447","0.007124020210085291","0.057596460040807644","false","false","false","true","258","0.03764553862390585","-0.017915465942451192"
"nested-d3-f4/off/mount-active-nogc","record","ms","24","1044771112","8.020083521072365","8.036437486795649","-0.03779155984329918","-0.16856099097640254","0.0720819976884286","","","false","false","false","true","258","-0.06316601415824152","0.010853508253148902"
"nested-d3-f4/off/mount-wall","verdict","ms","24","2705801688","13.977833000000032","13.99395800000002","0.007646499999964362","-0.13641600000016751","0.1875830000001315","0.008937000000059925","0.06988916500000017","false","false","false","true","258","0.050145500000098764","-0.01006200000017543"
"nested-d3-f4/off/mount-wall-nogc","record","ms","24","3621162174","10.3514789999997","10.400416499999892","-0.05720800000017334","-0.15204099999982645","0.04158400000005713","","","false","false","false","true","258","-0.0726670000001377","-0.0476040000003195"
"nested-d3-f4/off/profiler-mount","record","ms","24","2223035729","9.405923000001394","9.46876199999781","-0.055188500002373075","-0.11499999999466581","0.04394900000272628","","","false","false","false","true","258","-0.06396650000374393","-0.04557649999821933"
"nested-d3-f4/off/profiler-mount-nogc","record","ms","24","2946477101","6.479658999996445","6.596227499997667","-0.1167960000018411","-0.21488950000934892","-0.03038949999427132","","","true","false","false","true","258","-0.12629700000024968","-0.06697900000131085"
"nested-d3-f4/off/profiler-update","record","ms","24","2632865493","1.0045079999987365","1.0148374999989755","-0.014447500000414948","-0.02638250000188691","0.007651499997450628","","","false","false","false","true","120","-0.014447500000414948","-0.01722050000080344"
"nested-d3-f4/off/profiler-update-nogc","record","ms","24","891756825","0.6746105000054285","0.6762645000053453","-0.0021939999974165403","-0.01203550000946052","0.007135000000289438","","","false","false","false","true","120","0.004016999995428705","-0.003530499998078085"
"nested-d3-f4/off/update-active","verdict","ms","24","2934618922","3.0161869525909424","2.9883520305156708","0.024833887815475464","-0.028310716152191162","0.06354132294654846","0.013229459524154663","0.015080934762954712","false","false","false","true","120","0.028417497873306274","0.01968681812286377"
"nested-d3-f4/off/update-active-nogc","record","ms","24","2657584972","2.121415466070175","2.081811398267746","0.037667423486709595","0.010541051626205444","0.0627070963382721","","","true","false","false","true","120","0.037667423486709595","0.04056146740913391"
"nested-d3-f4/off/update-wall","verdict","ms","24","2501241044","3.011269499999912","2.98337599999968","0.026415500000211978","-0.02747800000065581","0.06858300000004647","0.014790500000003703","0.01505634749999956","false","false","false","true","120","0.029417499999794927","0.020894999999882202"
"nested-d3-f4/off/update-wall-nogc","record","ms","24","1417319378","2.11854100000005","2.0786644999998316","0.038039500000877524","0.012229999999817665","0.06779300000039257","","","true","false","false","true","120","0.038039500000877524","0.04068800000004558"
"nested-d5-f4/off/commits-mount","record","commits","24","1820461752","2","2","0","0","0","","","false","false","false","true","4098","0","0"
"nested-d5-f4/off/commits-mount-nogc","record","commits","24","419255454","2","2","0","0","0","","","false","false","false","true","4098","0","0"
"nested-d5-f4/off/commits-update","record","commits","24","3852852062","10","10","0","0","0","","","false","false","false","true","180","0","0"
"nested-d5-f4/off/commits-update-nogc","record","commits","24","3973356840","10","10","0","0","0","","","false","false","false","true","180","0","0"
"nested-d5-f4/off/mount-active","verdict","ms","24","1769111728","187.46833399376555","185.7067080275101","1.8678130313246584","1.1704590131130317","2.4236860502869604","0.8149374511240239","0.9373416699688278","true","false","true","true","4098","2.065270517735371","1.817896537634624"
"nested-d5-f4/off/mount-active-nogc","record","ms","24","2047552534","147.81762501135017","146.76102049174733","0.8695834584232216","0.43714397356961854","1.8107279850155464","","","true","false","false","true","4098","0.8695834584232216","0.9389994782122812"
"nested-d5-f4/off/mount-wall","verdict","ms","24","2622274742","189.83372850000023","188.1089165000003","1.906145500000548","1.1977704999999332","2.495457999998507","0.5868955000014466","0.9491686425000012","true","false","true","true","4098","2.0520625000003747","1.8020415000005414"
"nested-d5-f4/off/mount-wall-nogc","record","ms","24","2108710144","149.96812449999925","149.002728999998","0.9869994999971823","0.14416700000037963","1.8589165000012144","","","true","false","false","true","4098","0.7360204999986308","1.4702289999986533"
"nested-d5-f4/off/profiler-mount","record","ms","24","1429467819","141.40978900001755","142.12695450010824","-0.7519414998942011","-1.5702069998906154","0.04135150006641197","","","false","false","false","true","4098","-0.2734565002283489","-1.0436069998904713"
"nested-d5-f4/off/profiler-mount-nogc","record","ms","24","630176643","113.30124599999726","114.35530949987697","-1.4728235001348366","-1.809197500191658","-0.6197690001663432","","","true","false","false","true","4098","-1.4728235001348366","-1.348984500142251"
"nested-d5-f4/off/profiler-update","record","ms","24","2440445651","1.5057744999821807","1.4106379999798264","0.09351949995289033","0.07804150003903487","0.10887499999080319","","","true","false","false","true","180","0.0876184999524412","0.10415099999136146"
"nested-d5-f4/off/profiler-update-nogc","record","ms","24","3346323499","0.948494500014931","0.942029999976512","0.008364000012079487","-0.002129500013325014","0.01803449996805284","","","false","false","false","true","180","0.009319000067989691","0.002470499975970597"
"nested-d5-f4/off/update-active","verdict","ms","24","3404007752","6.4708549082279205","3.9278149604797363","2.55549955368042","2.511832058429718","2.5889559984207153","0.029584020376205444","0.0323542745411396","true","false","true","true","180","2.5440614223480225","2.5712085962295532"
"nested-d5-f4/off/update-active-nogc","record","ms","24","837142286","3.067042976617813","2.8871054351329803","0.18018659949302673","0.1131250262260437","0.26164478063583374","","","true","false","false","true","180","0.19722986221313477","0.1606665551662445"
"nested-d5-f4/off/update-wall","verdict","ms","24","3837718142","6.465084499997829","3.921957999998085","2.555063000002974","2.5100005000022065","2.5849575000002005","0.03225050000310148","0.03232542249998915","true","false","true","true","180","2.542791499998202","2.5723950000037803"
"nested-d5-f4/off/update-wall-nogc","record","ms","24","1047064776","3.062789999994493","2.8835625000065193","0.1799985000034212","0.1140009999871836","0.25687399999878835","","","true","false","false","true","180","0.1947070000023814","0.16081000000122003"
"oneOf-10/off/commits-mount","record","commits","24","1883457859","2","2","0","0","0","","","false","false","false","true","21","0","0"
"oneOf-10/off/commits-mount-nogc","record","commits","24","151221115","2","2","0","0","0","","","false","false","false","true","21","0","0"
"oneOf-10/off/commits-update","record","commits","24","3831774507","2","2","0","0","0","","","false","false","false","true","30","0","0"
"oneOf-10/off/commits-update-nogc","record","commits","24","897710851","2","2","0","0","0","","","false","false","false","true","30","0","0"
"oneOf-10/off/mount-active","verdict","ms","24","4164467037","3.315854533616971","3.296312010911919","0.021102982007960236","-0.004146019550319124","0.053001046070107805","0.009562512691502434","0.016579272668084854","false","false","false","true","21","0.038124980302796985","0.0183955439968031"
"oneOf-10/off/mount-active-nogc","record","ms","24","3101057889","1.4979999829807298","1.4684164863185742","0.028563027620350567","0.008000496221598041","0.04579097318651293","","","true","false","false","true","21","0.030000033910766888","0.026668006933221022"
"oneOf-10/off/mount-wall","verdict","ms","24","1381834071","5.814103999999986","5.798875000000066","0.018645500000047832","-0.011124999999992724","0.045771000000002005","0.02333349999986467","0.029070519999999933","false","false","false","true","21","0.0316454999999678","0.016958000000101947"
"oneOf-10/off/mount-wall-nogc","record","ms","24","232814551","3.975353999999925","3.955979500000012","0.018437500000004547","-0.010874999999941792","0.03879100000017388","","","false","false","false","true","21","-0.003249999999979991","0.02533400000004349"
"oneOf-10/off/profiler-mount","record","ms","24","1115199146","2.787269999999751","2.779268999999772","0.013417000000970347","-0.005094499999927393","0.03425000000095224","","","false","false","false","true","21","0.016387500000121236","-0.0009715000001051521"
"oneOf-10/off/profiler-mount-nogc","record","ms","24","2346072524","1.2381480000005922","1.2240609999994376","0.008123500000237982","-0.0020029999996040715","0.030844499998920583","","","false","false","false","true","21","0.003825499999720705","0.01354649999780122"
"oneOf-10/off/profiler-update","record","ms","24","2673456804","0.9953124999994998","0.9996855000003961","-0.004605999999739652","-0.012707499999294214","0.008351999999604232","","","false","false","false","true","30","-0.010811999999702948","0.00331000000039694"
"oneOf-10/off/profiler-update-nogc","record","ms","24","2190790722","0.7368729999998322","0.7181414999998879","0.020141500000477208","0.006794999999783613","0.02669000000014421","","","true","false","false","true","30","0.020141500000477208","0.01982200000134071"
"oneOf-10/off/update-active","verdict","ms","24","946931703","2.89581298828125","2.86481249332428","0.037124037742614746","-0.008375048637390137","0.054582953453063965","0.030749022960662842","0.030749022960662842","false","false","false","true","30","0.037124037742614746","0.03804197907447815"
"oneOf-10/off/update-active-nogc","record","ms","24","1951467767","1.7591870427131653","1.7089795172214508","0.04160451889038086","-0.0029979348182678223","0.0713760256767273","","","false","false","false","true","30","0.037750065326690674","0.054916977882385254"
"oneOf-10/off/update-wall","verdict","ms","24","891118509","2.893062500000042","2.8622910000000275","0.0368129999999951","-0.013459000000011656","0.05424899999979971","0.03022850000007793","0.03022850000007793","false","false","false","true","30","0.0368129999999951","0.03793700000005629"
"oneOf-10/off/update-wall-nogc","record","ms","24","1940867281","1.757812000000058","1.7079169999999522","0.041729999999688516","-0.005583500000057029","0.07208300000002055","","","false","false","false","true","30","0.037625999999818305","0.0550620000001345"
"oneOf-20/off/commits-mount","record","commits","24","1481920688","2","2","0","0","0","","","false","false","false","true","21","0","0"
"oneOf-20/off/commits-mount-nogc","record","commits","24","3233586198","2","2","0","0","0","","","false","false","false","true","21","0","0"
"oneOf-20/off/commits-update","record","commits","24","2699886934","2","2","0","0","0","","","false","false","false","true","30","0","0"
"oneOf-20/off/commits-update-nogc","record","commits","24","530903200","2","2","0","0","0","","","false","false","false","true","30","0","0"
"oneOf-20/off/mount-active","verdict","ms","24","1325125352","3.9508754837875415","3.9387085027694866","0.009771034423806668","-0.02141603213121357","0.053292499137910454","0.026541967006721734","0.026541967006721734","false","false","false","true","21","-0.007583505300488014","0.04927199099540758"
"oneOf-20/off/mount-active-nogc","record","ms","24","3363781166","1.9170005074462324","1.9115829970473897","0.00541701322362087","-0.033583980155754034","0.049498967758381696","","","false","false","false","true","21","-0.003166531562783348","0.04010399308583601"
"oneOf-20/off/mount-wall","verdict","ms","24","3884345886","6.439271000000076","6.4362915000000385","0.007062499999904048","-0.0314579999999296","0.02991700000001174","0.013333499999987453","0.032196355000000385","false","false","false","true","21","-0.00997949999998582","0.02991700000001174"
"oneOf-20/off/mount-wall-nogc","record","ms","24","964520296","4.398396000000048","4.384145499999931","0.021083499999917876","-0.01620799999977862","0.04995799999994688","","","false","false","false","true","21","0.021083499999917876","0.015041999999994005"
"oneOf-20/off/profiler-mount","record","ms","24","2959924995","3.42452599999973","3.431718000000103","-0.0020640000008143033","-0.03776850000116383","0.03102199999864297","","","false","false","false","true","21","-0.024858499998970274","0.02654050000001007"
"oneOf-20/off/profiler-mount-nogc","record","ms","24","2570846651","1.632953999999927","1.625770999999645","0.004168499999877895","-0.012786000001824505","0.041824999999789725","","","false","false","false","true","21","0.004168499999877895","0.020033500002796245"
"oneOf-20/off/profiler-update","record","ms","24","3400080875","1.0077315000004319","1.0079204999996705","-0.0013740000006237096","-0.01515250000056767","0.01702900000077534","","","false","false","false","true","30","-0.012226000000794102","0.00833399999919493"
"oneOf-20/off/profiler-update-nogc","record","ms","24","4111880771","0.7497865000001411","0.7292540000009922","0.017721999997434068","0.008459499999048603","0.02707200000099874","","","true","false","false","true","30","0.017721999997434068","0.018727000000467342"
"oneOf-20/off/update-active","verdict","ms","24","3703724608","3.301853507757187","3.2508955001831055","0.04931256175041199","-0.0019570589065551758","0.10462498664855957","0.05243697762489319","0.05243697762489319","false","false","false","true","30","0.02654150128364563","0.05852147936820984"
"oneOf-20/off/update-active-nogc","record","ms","24","912806982","1.971457988023758","1.9396879971027374","0.027937501668930054","0.016894936561584473","0.06554198265075684","","","true","false","false","true","30","0.028604507446289062","0.025165975093841553"
"oneOf-20/off/update-wall","verdict","ms","24","2625368870","3.2988120000001118","3.248395500000015","0.04916749999995318","-0.0041870000000585605","0.10612400000013622","0.05227049999996325","0.05227049999996325","false","false","false","true","30","0.02641700000003766","0.0582704999999919"
"oneOf-20/off/update-wall-nogc","record","ms","24","81115984","1.970311999999808","1.9382290000000921","0.027645499999721324","0.016916500000093038","0.06608400000027359","","","true","false","false","true","30","0.028270499999734966","0.024957499999914035"
"oneOf-5/off/commits-mount","record","commits","24","1045705975","2","2","0","0","0","","","false","false","false","true","21","0","0"
"oneOf-5/off/commits-mount-nogc","record","commits","24","1289179127","2","2","0","0","0","","","false","false","false","true","21","0","0"
"oneOf-5/off/commits-update","record","commits","24","2979065183","2","2","0","0","0","","","false","false","false","true","30","0","0"
"oneOf-5/off/commits-update-nogc","record","commits","24","1688998175","2","2","0","0","0","","","false","false","false","true","30","0","0"
"oneOf-5/off/mount-active","verdict","ms","24","1462053185","2.9702919624767787","2.9471875201739977","0.009041498312001295","-0.006603022117644741","0.05441651192097652","0.010105010417873928","0.014851459812383894","false","false","false","true","21","0.01429099812881418","0.004333517166173806"
"oneOf-5/off/mount-active-nogc","record","ms","24","1772454205","1.3038334733886359","1.2878539686756199","0.010728981311785901","-0.00945853027906196","0.043707046619260836","","","false","false","false","true","21","0.0029589734077717367","0.01737449770735111"
"oneOf-5/off/mount-wall","verdict","ms","24","757102555","5.461874500000022","5.444791500000008","0.010958000000016455","-0.008354500000052667","0.05241700000010496","0.015437500000018645","0.02730937250000011","false","false","false","true","21","0.010958000000016455","0.011770000000012715"
"oneOf-5/off/mount-wall-nogc","record","ms","24","4219520275","3.7818749999999","3.7736459999998715","0.007062500000188265","-0.008895499999994172","0.027375000000006366","","","false","false","false","true","21","0.007062500000188265","0.007124999999973625"
"oneOf-5/off/profiler-mount","record","ms","24","2152850918","2.4402440000004617","2.4272915000009334","0.006222999999693002","-0.018870000001470544","0.03281850000104214","","","false","false","false","true","21","0.0005569999994463615","0.010067999999819222"
"oneOf-5/off/profiler-mount-nogc","record","ms","24","3865260432","1.0597084999992603","1.0517409999994243","0.006113999998547115","-0.011864500000228873","0.02354900000636917","","","false","false","false","true","21","0.0065124999990757715","0.004528000000505017"
"oneOf-5/off/profiler-update","record","ms","24","2290966960","0.9924359999997705","0.9933270000001357","-0.0008430000011685479","-0.013825000001133958","0.014394999999638003","","","false","false","false","true","30","-0.0022805000011203447","0.0021044999998593994"
"oneOf-5/off/profiler-update-nogc","record","ms","24","1726713622","0.7307414999994535","0.7144590000013977","0.016791499999612824","0.006722999999396961","0.020808500003454355","","","true","false","false","true","30","0.018746999999393665","0.012771999998108186"
"oneOf-5/off/update-active","verdict","ms","24","669495419","2.7240410149097443","2.682041496038437","0.04804143309593201","0.006082504987716675","0.06718844175338745","0.015750020742416382","0.015750020742416382","true","false","true","true","30","0.026811987161636353","0.06287500262260437"
"oneOf-5/off/update-active-nogc","record","ms","24","3274265395","1.6667714715003967","1.6456874907016754","0.016417473554611206","-0.009750962257385254","0.027834951877593994","","","false","false","false","true","30","0.019146472215652466","0.0008535683155059814"
"oneOf-5/off/update-wall","verdict","ms","24","2810936785","2.7218129999999974","2.6795210000000225","0.04947849999996379","0.00589600000006385","0.06731149999995978","0.015770500000087395","0.015770500000087395","true","false","true","true","30","0.02564549999999599","0.06398000000007187"
"oneOf-5/off/update-wall-nogc","record","ms","24","1090094509","1.6655205000000706","1.6446035000000165","0.016187499999887223","-0.012417999999911444","0.027834000000211745","","","false","false","false","true","30","0.01885449999986122","0.0011445000000094296"
"sample-0/off/commits-mount","record","commits","24","2411277481","2","2","0","0","0","","","false","false","false","true","12","0","0"
"sample-0/off/commits-mount-nogc","record","commits","24","1814659429","2","2","0","0","0","","","false","false","false","true","12","0","0"
"sample-0/off/commits-update","record","commits","24","1834541869","1","1","0","0","0","","","false","false","false","true","6","0","0"
"sample-0/off/commits-update-nogc","record","commits","24","4124960593","1","1","0","0","0","","","false","false","false","true","6","0","0"
"sample-0/off/mount-active","verdict","ms","24","116379387","1.7260834877490936","1.71806198855586","0.00789699647901898","-0.007208048784264065","0.01650049204062043","0.005916541576368672","0.008630417438745468","false","false","false","true","12","0.00789699647901898","0.006146020778601269"
"sample-0/off/mount-active-nogc","record","ms","24","3427667635","0.8024375359096325","0.805646502861066","-0.004960032150279403","-0.019457997211361544","0.014166979019137216","","","false","false","false","true","12","-0.006084533250771074","-0.0013134994317738347"
"sample-0/off/mount-wall","verdict","ms","24","3288193105","4.227020999999979","4.220082999999931","0.008645999999941978","-0.009311999999965792","0.019292000000064036","0.007770499999878666","0.021135104999999897","false","false","false","true","12","0.01089600000000246","0.0027914999999438805"
"sample-0/off/mount-wall-nogc","record","ms","24","2897081645","3.3108330000000024","3.304875000000038","0.0006050000000641376","-0.007790999999770065","0.021207999999944604","","","false","false","false","true","12","0.0006050000000641376","0.006979499999999916"
"sample-0/off/profiler-mount","record","ms","24","779752520","1.2543780000002585","1.254792500000292","-0.000122500000202308","-0.016126000000326712","0.009337000000130047","","","false","false","false","true","12","-0.00039399999963052323","-0.000122500000202308"
"sample-0/off/profiler-mount-nogc","record","ms","24","2407147534","0.5828750000003424","0.5829980000007708","0.0033040000010942094","-0.013958500000398999","0.015263000000913962","","","false","false","false","true","12","-0.0048319999998511776","0.009194499999807704"
"sample-0/off/profiler-update","record","ms","24","1392463598","0.10999999999978627","0.11020799999994324","-0.0008284999999546017","-0.002461000000266722","0.0014949999998634667","","","false","false","false","true","6","-0.00004799999999249849","-0.0014355000000136897"
"sample-0/off/profiler-update-nogc","record","ms","24","3224380952","0.08697899999970105","0.0873549999990928","-0.00004299999864088022","-0.0016049999999836473","0.001632000001563938","","","false","false","false","true","6","0.0007740000010016956","-0.00022949999902266427"
"sample-0/off/update-active","verdict","ms","24","229745937","0.4618539810180664","0.4596875011920929","0.0006249845027923584","-0.004416048526763916","0.008938014507293701","0.00031298398971557617","0.002309269905090332","false","false","false","true","6","0.0011875033378601074","-0.000832974910736084"
"sample-0/off/update-active-nogc","record","ms","24","3077634925","0.2809789776802063","0.27641651034355164","0.006250500679016113","-0.0031454861164093018","0.011062473058700562","","","false","false","false","true","6","0.006167024374008179","0.006250500679016113"
"sample-0/off/update-wall","verdict","ms","24","816853387","0.4608329999999796","0.4583954999999946","0.0002920000000017353","-0.004208000000062384","0.00816599999996015","0.00027049999994233076","0.002304164999999898","false","false","false","true","6","0.0010419999999840002","-0.00022899999999026477"
"sample-0/off/update-wall-nogc","record","ms","24","1463679971","0.27979149999998754","0.27529149999998026","0.006145999999944252","-0.003166500000020278","0.01104099999997743","","","false","false","false","true","6","0.006124500000055377","0.006145999999944252"
"sample-1/off/commits-mount","record","commits","24","61529782","2","2","0","0","0","","","false","false","false","true","33","0","0"
"sample-1/off/commits-mount-nogc","record","commits","24","2211595008","2","2","0","0","0","","","false","false","false","true","33","0","0"
"sample-1/off/commits-update","record","commits","24","3741874752","1","1","0","0","0","","","false","false","false","true","9","0","0"
"sample-1/off/commits-update-nogc","record","commits","24","1152562246","1","1","0","0","0","","","false","false","false","true","9","0","0"
"sample-1/off/mount-active","verdict","ms","24","2708651702","2.930375522117629","2.8926039994316","0.028854010582023193","-0.0003759825954432472","0.05525003037070064","0.008271978395498536","0.014651877610588145","false","false","false","true","33","0.026750488611241963","0.03806201353455663"
"sample-1/off/mount-active-nogc","record","ms","24","1110565632","1.5023754992847103","1.52389547758861","-0.02866645231625853","-0.05483397502132448","-0.007957977184332776","","","true","false","false","true","33","-0.02295802912334466","-0.036249482008031464"
"sample-1/off/mount-wall","verdict","ms","24","1697238048","5.428103999999962","5.3926669999999035","0.02231299999999692","-0.0007085000000301989","0.0671869999999899","0.00983400000001211","0.02714051999999981","false","false","false","true","33","0.01681249999995771","0.04052050000012741"
"sample-1/off/mount-wall-nogc","record","ms","24","103953190","3.995416500000033","4.020479000000023","-0.030291499999975713","-0.06054200000005494","-0.0027084999999260617","","","true","false","false","true","33","-0.02250000000003638","-0.034312499999828106"
"sample-1/off/profiler-mount","record","ms","24","842260521","2.2586105000007706","2.247604500000648","0.004713999999751195","-0.017911999998773354","0.03813700000034714","","","false","false","false","true","33","0.004329999999413303","0.007067499999379834"
"sample-1/off/profiler-mount-nogc","record","ms","24","1340652517","1.188591999999403","1.2169399999992265","-0.033191000001238535","-0.0533389999955034","-0.008193500000515996","","","true","false","false","true","33","-0.021164999999200518","-0.03677899999968304"
"sample-1/off/profiler-update","record","ms","24","3028383149","0.1299370000002682","0.12968500000050653","-0.0012079999997354207","-0.002927000000681801","0.0032714999997551786","","","false","false","false","true","9","-0.00112200000012308","-0.0021644999997647574"
"sample-1/off/profiler-update-nogc","record","ms","24","4226219729","0.08641199999999571","0.08596799999907034","0.0010105000001203734","-0.0015899999992825542","0.0022214999981997607","","","false","false","false","true","9","0.0007170000000087384","0.0012604999992618104"
"sample-1/off/update-active","verdict","ms","24","2176981634","0.5205835103988647","0.5091875195503235","0.006895482540130615","0.00193747878074646","0.016228973865509033","0.0007080137729644775","0.0026029175519943237","true","false","true","true","9","0.011541515588760376","0.006165981292724609"
"sample-1/off/update-active-nogc","record","ms","24","4143612804","0.28572899103164673","0.284666508436203","-0.00033396482467651367","-0.0042909979820251465","0.004521489143371582","","","false","false","false","true","9","0.0014375150203704834","-0.0007495284080505371"
"sample-1/off/update-wall","verdict","ms","24","3953349724","0.5194169999999758","0.5077914999999962","0.007333500000015647","0.002500999999938358","0.015562499999987267","0.0003129999999487154","0.0025970849999998793","true","false","true","true","9","0.011353999999982989","0.00697950000005676"
"sample-1/off/update-wall-nogc","record","ms","24","1775462074","0.2845624999999927","0.2834379999999328","-0.0003960000001370645","-0.0042089999999461725","0.005874999999832653","","","false","false","false","true","9","0.0014579999998431958","-0.0007709999999860884"
"sample-2/off/commits-mount","record","commits","24","742521099","2","2","0","0","0","","","false","false","false","true","21","0","0"
"sample-2/off/commits-mount-nogc","record","commits","24","2317185635","2","2","0","0","0","","","false","false","false","true","21","0","0"
"sample-2/off/commits-update","record","commits","24","38833587","1","1","0","0","0","","","false","false","false","true","9","0","0"
"sample-2/off/commits-update-nogc","record","commits","24","3645420043","1","1","0","0","0","","","false","false","false","true","9","0","0"
"sample-2/off/mount-active","verdict","ms","24","400513541","2.5938754986248114","2.5851034939479973","0.008624520540223557","-0.008999457048389559","0.025833503154728987","0.0015434939479632703","0.012969377493124058","false","false","false","true","21","0.02325045299525641","-0.00045898642918018595"
"sample-2/off/mount-active-nogc","record","ms","24","440934249","1.3536875002936881","1.3887710363312067","-0.025082528737982557","-0.05535500750153233","-0.014585014892645631","","","true","false","false","true","21","-0.023228034332191783","-0.031167511297269357"
"sample-2/off/mount-wall","verdict","ms","24","3658824751","5.096125000000029","5.088250000000016","0.006146500000056676","-0.01639650000004167","0.03168750000003229","0.0023964999999748215","0.025480625000000146","false","false","false","true","21","0.02054150000003574","0.0009170000000153777"
"sample-2/off/mount-wall-nogc","record","ms","24","2871551631","3.850041499999861","3.8837709999999106","-0.032375999999999294","-0.05387400000017806","0.0014999999998508429","","","false","false","false","true","21","-0.0078125","-0.04793800000004467"
"sample-2/off/profiler-mount","record","ms","24","2008319538","2.023484499999597","2.0283390000004715","-0.0036945000002219786","-0.021386999999549516","0.012528999999972257","","","false","false","false","true","21","0.0020349999998074964","-0.013167000000237294"
"sample-2/off/profiler-mount-nogc","record","ms","24","3107118036","1.0620829999983243","1.093935500000498","-0.028131999999914115","-0.0565414999996392","-0.00992249999762862","","","true","false","false","true","21","-0.014090999997847575","-0.03719399999692996"
"sample-2/off/profiler-update","record","ms","24","2305195052","0.1318964999998684","0.13249750000005633","-0.0013739999999415886","-0.004077999999481108","0.003879000000210908","","","false","false","false","true","9","-0.0013739999999415886","-0.0012280000003670466"
"sample-2/off/profiler-update-nogc","record","ms","24","2124505962","0.09947949999934735","0.10202599999979611","-0.0020130000006020055","-0.004857500001662629","0.0010020000015629194","","","false","false","false","true","9","-0.0027624999999034117","-0.002000500001486216"
"sample-2/off/update-active","verdict","ms","24","3505398655","0.5157085061073303","0.5108749866485596","0.004041463136672974","-0.004541486501693726","0.01629096269607544","0.0008749961853027344","0.0025785425305366516","false","false","false","true","9","0.012311965227127075","0.0020829737186431885"
"sample-2/off/update-active-nogc","record","ms","24","3231784639","0.3132294714450836","0.3123534619808197","0.003125011920928955","-0.004917025566101074","0.006437510251998901","","","false","false","false","true","9","0.0045209527015686035","0.0023954808712005615"
"sample-2/off/update-wall","verdict","ms","24","185640709","0.51431249999996","0.5097290000000498","0.003959000000008928","-0.005313000000001011","0.016021000000023378","0.0008540000000039072","0.0025715624999998","false","false","false","true","9","0.0122499999999377","0.001979000000005726"
"sample-2/off/update-wall-nogc","record","ms","24","1076938345","0.3121045000000322","0.31118749999996","0.0032919999998739513","-0.0072090000001026056","0.005896500000062588","","","false","false","false","true","9","0.004542500000070504","0.002396499999917978"
"sample-3/off/commits-mount","record","commits","24","1971015680","2","2","0","0","0","","","false","false","false","true","126","0","0"
"sample-3/off/commits-mount-nogc","record","commits","24","2250919302","2","2","0","0","0","","","false","false","false","true","126","0","0"
"sample-3/off/commits-update","record","commits","24","1687101350","1","1","0","0","0","","","false","false","false","true","9","0","0"
"sample-3/off/commits-update-nogc","record","commits","24","3293061328","1","1","0","0","0","","","false","false","false","true","9","0","0"
"sample-3/off/mount-active","verdict","ms","24","780511640","8.400728982925443","8.386042531196608","0.0058960173491584555","-0.04508299446115416","0.063083506675639","0.008186452261043087","0.042003644914627214","false","false","false","true","126","-0.0303750264644691","0.03431308368487862"
"sample-3/off/mount-active-nogc","record","ms","24","3386765054","5.268416511774035","5.361833021072357","-0.09566702402491956","-0.15768705745881562","-0.04208401956941543","","","true","false","false","true","126","-0.13262600649261458","-0.04208401956941543"
"sample-3/off/mount-wall","verdict","ms","24","3079580334","10.888041999999984","10.855457999999885","0.03172849999992877","-0.056916499999999814","0.09477149999992207","0.022250499999984186","0.054440209999999926","false","false","false","true","126","-0.003187000000139051","0.06822949999985894"
"sample-3/off/mount-wall-nogc","record","ms","24","2543763800","7.709707999999978","7.796291999999994","-0.06806300000005194","-0.10987500000032924","-0.028000499999961903","","","true","false","false","true","126","-0.08772899999996753","-0.05287450000002991"
"sample-3/off/profiler-mount","record","ms","24","902026771","6.992066500000647","6.992122000000563","-0.02821849999997994","-0.08339499999925692","0.047271000000307595","","","false","false","false","true","126","-0.03421100000008437","0.004173499999069463"
"sample-3/off/profiler-mount-nogc","record","ms","24","2834889195","4.397466000001145","4.456122499998173","-0.055937000000312764","-0.09639900000513535","-0.014177999997514235","","","true","false","false","true","126","-0.05920450000076016","-0.04468149999297566"
"sample-3/off/profiler-update","record","ms","24","4002586043","0.13047749999975622","0.13429149999984702","-0.0048884999995379985","-0.009522500000059608","0.00027450000061435276","","","false","false","false","true","9","-0.00409900000079233","-0.0060584999990282995"
"sample-3/off/profiler-update-nogc","record","ms","24","3466486771","0.08052100000020346","0.08241549999968356","-0.0024595000003273526","-0.004167499999766733","0.0005850000000009459","","","false","false","false","true","9","-0.0022260000006326663","-0.0025669999989759162"
"sample-3/off/update-active","verdict","ms","24","1607953328","0.5176459848880768","0.5190624892711639","-0.006874531507492065","-0.01266700029373169","0.008688002824783325","0.0002294480800628662","0.002588229924440384","false","false","false","true","9","-0.0076670050621032715","-0.0028950273990631104"
"sample-3/off/update-active-nogc","record","ms","24","1930898710","0.2940000295639038","0.2972709834575653","-0.003500998020172119","-0.008000493049621582","0.004249989986419678","","","false","false","false","true","9","-0.0024170279502868652","-0.005957961082458496"
"sample-3/off/update-wall","verdict","ms","24","3221155766","0.5159165000000598","0.5176040000000626","-0.006792000000018561","-0.013458000000127868","0.00958400000013171","0.0009785000000874788","0.0025795825000002994","false","false","false","true","9","-0.007229499999994005","-0.003104000000007545"
"sample-3/off/update-wall-nogc","record","ms","24","1603417600","0.29285449999986213","0.2961249999999609","-0.003500499999972817","-0.007957999999689491","0.004541499999845655","","","false","false","false","true","9","-0.0024785000000520085","-0.00585399999999936"
