"row_key","phase","changed_work","changed_component_calls","base_renders","candidate_renders","base_fibers_visited","candidate_fibers_visited","base_fibers_created","candidate_fibers_created","base_input_remounts","candidate_input_remounts"
"array-100/off/commits-mount","mount","true","1209","5751","4545","10314","8702","10271","8663","0","0"
"array-100/off/commits-mount-nogc","mount","true","1209","5751","4545","10314","8702","10271","8663","0","0"
"array-100/off/commits-update","update","true","12","40","40","219","203","2","2","1","1"
"array-100/off/commits-update-nogc","update","true","12","40","40","219","203","2","2","1","1"
"array-100/off/mount-active","mount","true","1209","5751","4545","10314","8702","10271","8663","0","0"
"array-100/off/mount-active-nogc","mount","true","1209","5751","4545","10314","8702","10271","8663","0","0"
"array-100/off/mount-wall","mount","true","1209","5751","4545","10314","8702","10271","8663","0","0"
"array-100/off/mount-wall-nogc","mount","true","1209","5751","4545","10314","8702","10271","8663","0","0"
"array-100/off/profiler-mount","mount","true","1209","5751","4545","10314","8702","10271","8663","0","0"
"array-100/off/profiler-mount-nogc","mount","true","1209","5751","4545","10314","8702","10271","8663","0","0"
"array-100/off/profiler-update","update","true","12","40","40","219","203","2","2","1","1"
"array-100/off/profiler-update-nogc","update","true","12","40","40","219","203","2","2","1","1"
"array-100/off/update-active","update","true","12","40","40","219","203","2","2","1","1"
"array-100/off/update-active-nogc","update","true","12","40","40","219","203","2","2","1","1"
"array-100/off/update-wall","update","true","12","40","40","219","203","2","2","1","1"
"array-100/off/update-wall-nogc","update","true","12","40","40","219","203","2","2","1","1"
"array-1000/off/commits-mount","mount","true","12009","57051","45045","102114","86102","102071","86063","0","0"
"array-1000/off/commits-mount-nogc","mount","true","12009","57051","45045","102114","86102","102071","86063","0","0"
"array-1000/off/commits-update","update","true","12","40","40","1119","1103","2","2","1","1"
"array-1000/off/commits-update-nogc","update","true","12","40","40","1119","1103","2","2","1","1"
"array-1000/off/mount-active","mount","true","12009","57051","45045","102114","86102","102071","86063","0","0"
"array-1000/off/mount-active-nogc","mount","true","12009","57051","45045","102114","86102","102071","86063","0","0"
"array-1000/off/mount-wall","mount","true","12009","57051","45045","102114","86102","102071","86063","0","0"
"array-1000/off/mount-wall-nogc","mount","true","12009","57051","45045","102114","86102","102071","86063","0","0"
"array-1000/off/profiler-mount","mount","true","12009","57051","45045","102114","86102","102071","86063","0","0"
"array-1000/off/profiler-mount-nogc","mount","true","12009","57051","45045","102114","86102","102071","86063","0","0"
"array-1000/off/profiler-update","update","true","12","40","40","1119","1103","2","2","1","1"
"array-1000/off/profiler-update-nogc","update","true","12","40","40","1119","1103","2","2","1","1"
"array-1000/off/update-active","update","true","12","40","40","1119","1103","2","2","1","1"
"array-1000/off/update-active-nogc","update","true","12","40","40","1119","1103","2","2","1","1"
"array-1000/off/update-wall","update","true","12","40","40","1119","1103","2","2","1","1"
"array-1000/off/update-wall-nogc","update","true","12","40","40","1119","1103","2","2","1","1"
"array-500/off/commits-mount","mount","true","6009","28551","22545","51114","43102","51071","43063","0","0"
"array-500/off/commits-mount-nogc","mount","true","6009","28551","22545","51114","43102","51071","43063","0","0"
"array-500/off/commits-update","update","true","12","40","40","619","603","2","2","1","1"
"array-500/off/commits-update-nogc","update","true","12","40","40","619","603","2","2","1","1"
"array-500/off/mount-active","mount","true","6009","28551","22545","51114","43102","51071","43063","0","0"
"array-500/off/mount-active-nogc","mount","true","6009","28551","22545","51114","43102","51071","43063","0","0"
"array-500/off/mount-wall","mount","true","6009","28551","22545","51114","43102","51071","43063","0","0"
"array-500/off/mount-wall-nogc","mount","true","6009","28551","22545","51114","43102","51071","43063","0","0"
"array-500/off/profiler-mount","mount","true","6009","28551","22545","51114","43102","51071","43063","0","0"
"array-500/off/profiler-mount-nogc","mount","true","6009","28551","22545","51114","43102","51071","43063","0","0"
"array-500/off/profiler-update","update","true","12","40","40","619","603","2","2","1","1"
"array-500/off/profiler-update-nogc","update","true","12","40","40","619","603","2","2","1","1"
"array-500/off/update-active","update","true","12","40","40","619","603","2","2","1","1"
"array-500/off/update-active-nogc","update","true","12","40","40","619","603","2","2","1","1"
"array-500/off/update-wall","update","true","12","40","40","619","603","2","2","1","1"
"array-500/off/update-wall-nogc","update","true","12","40","40","619","603","2","2","1","1"
"array-push-100/off/commits-mount","mount","true","9","51","45","114","102","71","63","0","0"
"array-push-100/off/commits-mount-nogc","mount","true","9","51","45","114","102","71","63","0","0"
"array-push-100/off/commits-update","update","true","1800","12850","11650","42150","39750","10209","8609","0","0"
"array-push-100/off/commits-update-nogc","update","true","1800","12850","11650","42150","39750","10209","8609","0","0"
"array-push-100/off/mount-active","mount","true","9","51","45","114","102","71","63","0","0"
"array-push-100/off/mount-active-nogc","mount","true","9","51","45","114","102","71","63","0","0"
"array-push-100/off/mount-wall","mount","true","9","51","45","114","102","71","63","0","0"
"array-push-100/off/mount-wall-nogc","mount","true","9","51","45","114","102","71","63","0","0"
"array-push-100/off/profiler-mount","mount","true","9","51","45","114","102","71","63","0","0"
"array-push-100/off/profiler-mount-nogc","mount","true","9","51","45","114","102","71","63","0","0"
"array-push-100/off/profiler-update","update","true","1800","12850","11650","42150","39750","10209","8609","0","0"
"array-push-100/off/profiler-update-nogc","update","true","1800","12850","11650","42150","39750","10209","8609","0","0"
"array-push-100/off/update-active","update","true","1800","12850","11650","42150","39750","10209","8609","0","0"
"array-push-100/off/update-active-nogc","update","true","1800","12850","11650","42150","39750","10209","8609","0","0"
"array-push-100/off/update-wall","update","true","1800","12850","11650","42150","39750","10209","8609","0","0"
"array-push-100/off/update-wall-nogc","update","true","1800","12850","11650","42150","39750","10209","8609","0","0"
"array-push-remove-100/off/commits-mount","mount","true","9","51","45","114","102","71","63","0","0"
"array-push-remove-100/off/commits-mount-nogc","mount","true","9","51","45","114","102","71","63","0","0"
"array-push-remove-100/off/commits-update","update","true","2400","20000","18800","74100","70900","10209","8609","0","0"
"array-push-remove-100/off/commits-update-nogc","update","true","2400","20000","18800","74100","70900","10209","8609","0","0"
"array-push-remove-100/off/mount-active","mount","true","9","51","45","114","102","71","63","0","0"
"array-push-remove-100/off/mount-active-nogc","mount","true","9","51","45","114","102","71","63","0","0"
"array-push-remove-100/off/mount-wall","mount","true","9","51","45","114","102","71","63","0","0"
"array-push-remove-100/off/mount-wall-nogc","mount","true","9","51","45","114","102","71","63","0","0"
"array-push-remove-100/off/profiler-mount","mount","true","9","51","45","114","102","71","63","0","0"
"array-push-remove-100/off/profiler-mount-nogc","mount","true","9","51","45","114","102","71","63","0","0"
"array-push-remove-100/off/profiler-update","update","true","2400","20000","18800","74100","70900","10209","8609","0","0"
"array-push-remove-100/off/profiler-update-nogc","update","true","2400","20000","18800","74100","70900","10209","8609","0","0"
"array-push-remove-100/off/update-active","update","true","2400","20000","18800","74100","70900","10209","8609","0","0"
"array-push-remove-100/off/update-active-nogc","update","true","2400","20000","18800","74100","70900","10209","8609","0","0"
"array-push-remove-100/off/update-wall","update","true","2400","20000","18800","74100","70900","10209","8609","0","0"
"array-push-remove-100/off/update-wall-nogc","update","true","2400","20000","18800","74100","70900","10209","8609","0","0"
"array-replace-200/off/commits-mount","mount","true","9","51","45","114","102","71","63","0","0"
"array-replace-200/off/commits-mount-nogc","mount","true","9","51","45","114","102","71","63","0","0"
"array-replace-200/off/commits-update","update","true","2406","11422","9022","20472","17264","20409","17209","0","0"
"array-replace-200/off/commits-update-nogc","update","true","2406","11422","9022","20472","17264","20409","17209","0","0"
"array-replace-200/off/mount-active","mount","true","9","51","45","114","102","71","63","0","0"
"array-replace-200/off/mount-active-nogc","mount","true","9","51","45","114","102","71","63","0","0"
"array-replace-200/off/mount-wall","mount","true","9","51","45","114","102","71","63","0","0"
"array-replace-200/off/mount-wall-nogc","mount","true","9","51","45","114","102","71","63","0","0"
"array-replace-200/off/profiler-mount","mount","true","9","51","45","114","102","71","63","0","0"
"array-replace-200/off/profiler-mount-nogc","mount","true","9","51","45","114","102","71","63","0","0"
"array-replace-200/off/profiler-update","update","true","2406","11422","9022","20472","17264","20409","17209","0","0"
"array-replace-200/off/profiler-update-nogc","update","true","2406","11422","9022","20472","17264","20409","17209","0","0"
"array-replace-200/off/update-active","update","true","2406","11422","9022","20472","17264","20409","17209","0","0"
"array-replace-200/off/update-active-nogc","update","true","2406","11422","9022","20472","17264","20409","17209","0","0"
"array-replace-200/off/update-wall","update","true","2406","11422","9022","20472","17264","20409","17209","0","0"
"array-replace-200/off/update-wall-nogc","update","true","2406","11422","9022","20472","17264","20409","17209","0","0"
"computed-visible-derived/off/commits-mount","mount","true","18","91","76","186","162","140","120","0","0"
"computed-visible-derived/off/commits-mount-nogc","mount","true","18","91","76","186","162","140","120","0","0"
"computed-visible-derived/off/commits-update","update","true","25","81","81","260","224","27","27","4","4"
"computed-visible-derived/off/commits-update-nogc","update","true","25","81","81","260","224","27","27","4","4"
"computed-visible-derived/off/mount-active","mount","true","18","91","76","186","162","140","120","0","0"
"computed-visible-derived/off/mount-active-nogc","mount","true","18","91","76","186","162","140","120","0","0"
"computed-visible-derived/off/mount-wall","mount","true","18","91","76","186","162","140","120","0","0"
"computed-visible-derived/off/mount-wall-nogc","mount","true","18","91","76","186","162","140","120","0","0"
"computed-visible-derived/off/profiler-mount","mount","true","18","91","76","186","162","140","120","0","0"
"computed-visible-derived/off/profiler-mount-nogc","mount","true","18","91","76","186","162","140","120","0","0"
"computed-visible-derived/off/profiler-update","update","true","25","81","81","260","224","27","27","4","4"
"computed-visible-derived/off/profiler-update-nogc","update","true","25","81","81","260","224","27","27","4","4"
"computed-visible-derived/off/update-active","update","true","25","81","81","260","224","27","27","4","4"
"computed-visible-derived/off/update-active-nogc","update","true","25","81","81","260","224","27","27","4","4"
"computed-visible-derived/off/update-wall","update","true","25","81","81","260","224","27","27","4","4"
"computed-visible-derived/off/update-wall-nogc","update","true","25","81","81","260","224","27","27","4","4"
"flat-100/off/commits-mount","mount","true","306","1435","1132","2682","2274","2540","2136","0","0"
"flat-100/off/commits-mount-nogc","mount","true","306","1435","1132","2682","2274","2540","2136","0","0"
"flat-100/off/commits-update","update","true","60","200","200","1650","1570","20","20","10","10"
"flat-100/off/commits-update-nogc","update","true","60","200","200","1650","1570","20","20","10","10"
"flat-100/off/mount-active","mount","true","306","1435","1132","2682","2274","2540","2136","0","0"
"flat-100/off/mount-active-nogc","mount","true","306","1435","1132","2682","2274","2540","2136","0","0"
"flat-100/off/mount-wall","mount","true","306","1435","1132","2682","2274","2540","2136","0","0"
"flat-100/off/mount-wall-nogc","mount","true","306","1435","1132","2682","2274","2540","2136","0","0"
"flat-100/off/profiler-mount","mount","true","306","1435","1132","2682","2274","2540","2136","0","0"
"flat-100/off/profiler-mount-nogc","mount","true","306","1435","1132","2682","2274","2540","2136","0","0"
"flat-100/off/profiler-update","update","true","60","200","200","1650","1570","20","20","10","10"
"flat-100/off/profiler-update-nogc","update","true","60","200","200","1650","1570","20","20","10","10"
"flat-100/off/update-active","update","true","60","200","200","1650","1570","20","20","10","10"
"flat-100/off/update-active-nogc","update","true","60","200","200","1650","1570","20","20","10","10"
"flat-100/off/update-wall","update","true","60","200","200","1650","1570","20","20","10","10"
"flat-100/off/update-wall-nogc","update","true","60","200","200","1650","1570","20","20","10","10"
"flat-50/off/commits-mount","mount","true","156","735","582","1382","1174","1290","1086","0","0"
"flat-50/off/commits-mount-nogc","mount","true","156","735","582","1382","1174","1290","1086","0","0"
"flat-50/off/commits-update","update","true","60","200","200","1150","1070","20","20","10","10"
"flat-50/off/commits-update-nogc","update","true","60","200","200","1150","1070","20","20","10","10"
"flat-50/off/mount-active","mount","true","156","735","582","1382","1174","1290","1086","0","0"
"flat-50/off/mount-active-nogc","mount","true","156","735","582","1382","1174","1290","1086","0","0"
"flat-50/off/mount-wall","mount","true","156","735","582","1382","1174","1290","1086","0","0"
"flat-50/off/mount-wall-nogc","mount","true","156","735","582","1382","1174","1290","1086","0","0"
"flat-50/off/profiler-mount","mount","true","156","735","582","1382","1174","1290","1086","0","0"
"flat-50/off/profiler-mount-nogc","mount","true","156","735","582","1382","1174","1290","1086","0","0"
"flat-50/off/profiler-update","update","true","60","200","200","1150","1070","20","20","10","10"
"flat-50/off/profiler-update-nogc","update","true","60","200","200","1150","1070","20","20","10","10"
"flat-50/off/update-active","update","true","60","200","200","1150","1070","20","20","10","10"
"flat-50/off/update-active-nogc","update","true","60","200","200","1150","1070","20","20","10","10"
"flat-50/off/update-wall","update","true","60","200","200","1150","1070","20","20","10","10"
"flat-50/off/update-wall-nogc","update","true","60","200","200","1150","1070","20","20","10","10"
"flat-500/off/commits-mount","mount","true","1506","7035","5532","13082","11074","12540","10536","0","0"
"flat-500/off/commits-mount-nogc","mount","true","1506","7035","5532","13082","11074","12540","10536","0","0"
"flat-500/off/commits-update","update","true","60","200","200","5650","5570","20","20","10","10"
"flat-500/off/commits-update-nogc","update","true","60","200","200","5650","5570","20","20","10","10"
"flat-500/off/mount-active","mount","true","1506","7035","5532","13082","11074","12540","10536","0","0"
"flat-500/off/mount-active-nogc","mount","true","1506","7035","5532","13082","11074","12540","10536","0","0"
"flat-500/off/mount-wall","mount","true","1506","7035","5532","13082","11074","12540","10536","0","0"
"flat-500/off/mount-wall-nogc","mount","true","1506","7035","5532","13082","11074","12540","10536","0","0"
"flat-500/off/profiler-mount","mount","true","1506","7035","5532","13082","11074","12540","10536","0","0"
"flat-500/off/profiler-mount-nogc","mount","true","1506","7035","5532","13082","11074","12540","10536","0","0"
"flat-500/off/profiler-update","update","true","60","200","200","5650","5570","20","20","10","10"
"flat-500/off/profiler-update-nogc","update","true","60","200","200","5650","5570","20","20","10","10"
"flat-500/off/update-active","update","true","60","200","200","5650","5570","20","20","10","10"
"flat-500/off/update-active-nogc","update","true","60","200","200","5650","5570","20","20","10","10"
"flat-500/off/update-wall","update","true","60","200","200","5650","5570","20","20","10","10"
"flat-500/off/update-wall-nogc","update","true","60","200","200","5650","5570","20","20","10","10"
"nested-d3-f4/off/commits-mount","mount","true","258","1211","956","2146","1802","2100","1760","0","0"
"nested-d3-f4/off/commits-mount-nogc","mount","true","258","1211","956","2146","1802","2100","1760","0","0"
"nested-d3-f4/off/commits-update","update","true","120","400","400","1210","1050","20","20","10","10"
"nested-d3-f4/off/commits-update-nogc","update","true","120","400","400","1210","1050","20","20","10","10"
"nested-d3-f4/off/mount-active","mount","true","258","1211","956","2146","1802","2100","1760","0","0"
"nested-d3-f4/off/mount-active-nogc","mount","true","258","1211","956","2146","1802","2100","1760","0","0"
"nested-d3-f4/off/mount-wall","mount","true","258","1211","956","2146","1802","2100","1760","0","0"
"nested-d3-f4/off/mount-wall-nogc","mount","true","258","1211","956","2146","1802","2100","1760","0","0"
"nested-d3-f4/off/profiler-mount","mount","true","258","1211","956","2146","1802","2100","1760","0","0"
"nested-d3-f4/off/profiler-mount-nogc","mount","true","258","1211","956","2146","1802","2100","1760","0","0"
"nested-d3-f4/off/profiler-update","update","true","120","400","400","1210","1050","20","20","10","10"
"nested-d3-f4/off/profiler-update-nogc","update","true","120","400","400","1210","1050","20","20","10","10"
"nested-d3-f4/off/update-active","update","true","120","400","400","1210","1050","20","20","10","10"
"nested-d3-f4/off/update-active-nogc","update","true","120","400","400","1210","1050","20","20","10","10"
"nested-d3-f4/off/update-wall","update","true","120","400","400","1210","1050","20","20","10","10"
"nested-d3-f4/off/update-wall-nogc","update","true","120","400","400","1210","1050","20","20","10","10"
"nested-d5-f4/off/commits-mount","mount","true","4098","19131","15036","33506","28042","33460","28000","0","0"
"nested-d5-f4/off/commits-mount-nogc","mount","true","4098","19131","15036","33506","28042","33460","28000","0","0"
"nested-d5-f4/off/commits-update","update","true","180","600","600","1730","1490","20","20","10","10"
"nested-d5-f4/off/commits-update-nogc","update","true","180","600","600","1730","1490","20","20","10","10"
"nested-d5-f4/off/mount-active","mount","true","4098","19131","15036","33506","28042","33460","28000","0","0"
"nested-d5-f4/off/mount-active-nogc","mount","true","4098","19131","15036","33506","28042","33460","28000","0","0"
"nested-d5-f4/off/mount-wall","mount","true","4098","19131","15036","33506","28042","33460","28000","0","0"
"nested-d5-f4/off/mount-wall-nogc","mount","true","4098","19131","15036","33506","28042","33460","28000","0","0"
"nested-d5-f4/off/profiler-mount","mount","true","4098","19131","15036","33506","28042","33460","28000","0","0"
"nested-d5-f4/off/profiler-mount-nogc","mount","true","4098","19131","15036","33506","28042","33460","28000","0","0"
"nested-d5-f4/off/profiler-update","update","true","180","600","600","1730","1490","20","20","10","10"
"nested-d5-f4/off/profiler-update-nogc","update","true","180","600","600","1730","1490","20","20","10","10"
"nested-d5-f4/off/update-active","update","true","180","600","600","1730","1490","20","20","10","10"
"nested-d5-f4/off/update-active-nogc","update","true","180","600","600","1730","1490","20","20","10","10"
"nested-d5-f4/off/update-wall","update","true","180","600","600","1730","1490","20","20","10","10"
"nested-d5-f4/off/update-wall-nogc","update","true","180","600","600","1730","1490","20","20","10","10"
"oneOf-10/off/commits-mount","mount","true","21","105","87","212","184","165","141","0","0"
"oneOf-10/off/commits-mount-nogc","mount","true","21","105","87","212","184","165","141","0","0"
"oneOf-10/off/commits-update","update","true","30","124","106","284","244","154","130","2","2"
"oneOf-10/off/commits-update-nogc","update","true","30","124","106","284","244","154","130","2","2"
"oneOf-10/off/mount-active","mount","true","21","105","87","212","184","165","141","0","0"
"oneOf-10/off/mount-active-nogc","mount","true","21","105","87","212","184","165","141","0","0"
"oneOf-10/off/mount-wall","mount","true","21","105","87","212","184","165","141","0","0"
"oneOf-10/off/mount-wall-nogc","mount","true","21","105","87","212","184","165","141","0","0"
"oneOf-10/off/profiler-mount","mount","true","21","105","87","212","184","165","141","0","0"
"oneOf-10/off/profiler-mount-nogc","mount","true","21","105","87","212","184","165","141","0","0"
"oneOf-10/off/profiler-update","update","true","30","124","106","284","244","154","130","2","2"
"oneOf-10/off/profiler-update-nogc","update","true","30","124","106","284","244","154","130","2","2"
"oneOf-10/off/update-active","update","true","30","124","106","284","244","154","130","2","2"
"oneOf-10/off/update-active-nogc","update","true","30","124","106","284","244","154","130","2","2"
"oneOf-10/off/update-wall","update","true","30","124","106","284","244","154","130","2","2"
"oneOf-10/off/update-wall-nogc","update","true","30","124","106","284","244","154","130","2","2"
"oneOf-20/off/commits-mount","mount","true","21","105","87","212","184","165","141","0","0"
"oneOf-20/off/commits-mount-nogc","mount","true","21","105","87","212","184","165","141","0","0"
"oneOf-20/off/commits-update","update","true","30","124","106","284","244","154","130","2","2"
"oneOf-20/off/commits-update-nogc","update","true","30","124","106","284","244","154","130","2","2"
"oneOf-20/off/mount-active","mount","true","21","105","87","212","184","165","141","0","0"
"oneOf-20/off/mount-active-nogc","mount","true","21","105","87","212","184","165","141","0","0"
"oneOf-20/off/mount-wall","mount","true","21","105","87","212","184","165","141","0","0"
"oneOf-20/off/mount-wall-nogc","mount","true","21","105","87","212","184","165","141","0","0"
"oneOf-20/off/profiler-mount","mount","true","21","105","87","212","184","165","141","0","0"
"oneOf-20/off/profiler-mount-nogc","mount","true","21","105","87","212","184","165","141","0","0"
"oneOf-20/off/profiler-update","update","true","30","124","106","284","244","154","130","2","2"
"oneOf-20/off/profiler-update-nogc","update","true","30","124","106","284","244","154","130","2","2"
"oneOf-20/off/update-active","update","true","30","124","106","284","244","154","130","2","2"
"oneOf-20/off/update-active-nogc","update","true","30","124","106","284","244","154","130","2","2"
"oneOf-20/off/update-wall","update","true","30","124","106","284","244","154","130","2","2"
"oneOf-20/off/update-wall-nogc","update","true","30","124","106","284","244","154","130","2","2"
"oneOf-5/off/commits-mount","mount","true","21","105","87","212","184","165","141","0","0"
"oneOf-5/off/commits-mount-nogc","mount","true","21","105","87","212","184","165","141","0","0"
"oneOf-5/off/commits-update","update","true","30","124","106","284","244","154","130","2","2"
"oneOf-5/off/commits-update-nogc","update","true","30","124","106","284","244","154","130","2","2"
"oneOf-5/off/mount-active","mount","true","21","105","87","212","184","165","141","0","0"
"oneOf-5/off/mount-active-nogc","mount","true","21","105","87","212","184","165","141","0","0"
"oneOf-5/off/mount-wall","mount","true","21","105","87","212","184","165","141","0","0"
"oneOf-5/off/mount-wall-nogc","mount","true","21","105","87","212","184","165","141","0","0"
"oneOf-5/off/profiler-mount","mount","true","21","105","87","212","184","165","141","0","0"
"oneOf-5/off/profiler-mount-nogc","mount","true","21","105","87","212","184","165","141","0","0"
"oneOf-5/off/profiler-update","update","true","30","124","106","284","244","154","130","2","2"
"oneOf-5/off/profiler-update-nogc","update","true","30","124","106","284","244","154","130","2","2"
"oneOf-5/off/update-active","update","true","30","124","106","284","244","154","130","2","2"
"oneOf-5/off/update-active-nogc","update","true","30","124","106","284","244","154","130","2","2"
"oneOf-5/off/update-wall","update","true","30","124","106","284","244","154","130","2","2"
"oneOf-5/off/update-wall-nogc","update","true","30","124","106","284","244","154","130","2","2"
"sample-0/off/commits-mount","mount","true","12","63","54","136","120","92","80","0","0"
"sample-0/off/commits-mount-nogc","mount","true","12","63","54","136","120","92","80","0","0"
"sample-0/off/commits-update","update","true","6","20","20","68","60","2","2","1","1"
"sample-0/off/commits-update-nogc","update","true","6","20","20","68","60","2","2","1","1"
"sample-0/off/mount-active","mount","true","12","63","54","136","120","92","80","0","0"
"sample-0/off/mount-active-nogc","mount","true","12","63","54","136","120","92","80","0","0"
"sample-0/off/mount-wall","mount","true","12","63","54","136","120","92","80","0","0"
"sample-0/off/mount-wall-nogc","mount","true","12","63","54","136","120","92","80","0","0"
"sample-0/off/profiler-mount","mount","true","12","63","54","136","120","92","80","0","0"
"sample-0/off/profiler-mount-nogc","mount","true","12","63","54","136","120","92","80","0","0"
"sample-0/off/profiler-update","update","true","6","20","20","68","60","2","2","1","1"
"sample-0/off/profiler-update-nogc","update","true","6","20","20","68","60","2","2","1","1"
"sample-0/off/update-active","update","true","6","20","20","68","60","2","2","1","1"
"sample-0/off/update-active-nogc","update","true","6","20","20","68","60","2","2","1","1"
"sample-0/off/update-wall","update","true","6","20","20","68","60","2","2","1","1"
"sample-0/off/update-wall-nogc","update","true","6","20","20","68","60","2","2","1","1"
"sample-1/off/commits-mount","mount","true","33","161","131","310","266","266","226","0","0"
"sample-1/off/commits-mount-nogc","mount","true","33","161","131","310","266","266","226","0","0"
"sample-1/off/commits-update","update","true","9","30","30","94","82","2","2","1","1"
"sample-1/off/commits-update-nogc","update","true","9","30","30","94","82","2","2","1","1"
"sample-1/off/mount-active","mount","true","33","161","131","310","266","266","226","0","0"
"sample-1/off/mount-active-nogc","mount","true","33","161","131","310","266","266","226","0","0"
"sample-1/off/mount-wall","mount","true","33","161","131","310","266","266","226","0","0"
"sample-1/off/mount-wall-nogc","mount","true","33","161","131","310","266","266","226","0","0"
"sample-1/off/profiler-mount","mount","true","33","161","131","310","266","266","226","0","0"
"sample-1/off/profiler-mount-nogc","mount","true","33","161","131","310","266","266","226","0","0"
"sample-1/off/profiler-update","update","true","9","30","30","94","82","2","2","1","1"
"sample-1/off/profiler-update-nogc","update","true","9","30","30","94","82","2","2","1","1"
"sample-1/off/update-active","update","true","9","30","30","94","82","2","2","1","1"
"sample-1/off/update-active-nogc","update","true","9","30","30","94","82","2","2","1","1"
"sample-1/off/update-wall","update","true","9","30","30","94","82","2","2","1","1"
"sample-1/off/update-wall-nogc","update","true","9","30","30","94","82","2","2","1","1"
"sample-2/off/commits-mount","mount","true","21","109","91","219","191","175","151","0","0"
"sample-2/off/commits-mount-nogc","mount","true","21","109","91","219","191","175","151","0","0"
"sample-2/off/commits-update","update","true","9","30","30","92","80","2","2","1","1"
"sample-2/off/commits-update-nogc","update","true","9","30","30","92","80","2","2","1","1"
"sample-2/off/mount-active","mount","true","21","109","91","219","191","175","151","0","0"
"sample-2/off/mount-active-nogc","mount","true","21","109","91","219","191","175","151","0","0"
"sample-2/off/mount-wall","mount","true","21","109","91","219","191","175","151","0","0"
"sample-2/off/mount-wall-nogc","mount","true","21","109","91","219","191","175","151","0","0"
"sample-2/off/profiler-mount","mount","true","21","109","91","219","191","175","151","0","0"
"sample-2/off/profiler-mount-nogc","mount","true","21","109","91","219","191","175","151","0","0"
"sample-2/off/profiler-update","update","true","9","30","30","92","80","2","2","1","1"
"sample-2/off/profiler-update-nogc","update","true","9","30","30","92","80","2","2","1","1"
"sample-2/off/update-active","update","true","9","30","30","92","80","2","2","1","1"
"sample-2/off/update-active-nogc","update","true","9","30","30","92","80","2","2","1","1"
"sample-2/off/update-wall","update","true","9","30","30","92","80","2","2","1","1"
"sample-2/off/update-wall-nogc","update","true","9","30","30","92","80","2","2","1","1"
"sample-3/off/commits-mount","mount","true","126","607","484","1126","958","1080","916","0","0"
"sample-3/off/commits-mount-nogc","mount","true","126","607","484","1126","958","1080","916","0","0"
"sample-3/off/commits-update","update","true","9","30","30","95","83","2","2","1","1"
"sample-3/off/commits-update-nogc","update","true","9","30","30","95","83","2","2","1","1"
"sample-3/off/mount-active","mount","true","126","607","484","1126","958","1080","916","0","0"
"sample-3/off/mount-active-nogc","mount","true","126","607","484","1126","958","1080","916","0","0"
"sample-3/off/mount-wall","mount","true","126","607","484","1126","958","1080","916","0","0"
"sample-3/off/mount-wall-nogc","mount","true","126","607","484","1126","958","1080","916","0","0"
"sample-3/off/profiler-mount","mount","true","126","607","484","1126","958","1080","916","0","0"
"sample-3/off/profiler-mount-nogc","mount","true","126","607","484","1126","958","1080","916","0","0"
"sample-3/off/profiler-update","update","true","9","30","30","95","83","2","2","1","1"
"sample-3/off/profiler-update-nogc","update","true","9","30","30","95","83","2","2","1","1"
"sample-3/off/update-active","update","true","9","30","30","95","83","2","2","1","1"
"sample-3/off/update-active-nogc","update","true","9","30","30","95","83","2","2","1","1"
"sample-3/off/update-wall","update","true","9","30","30","95","83","2","2","1","1"
"sample-3/off/update-wall-nogc","update","true","9","30","30","95","83","2","2","1","1"
