key,column,blocks,seed,baseMedianMs,candidateMedianMs,correctionMs,differenceMedianMs,ci99LowMs,ci99HighMs,aaMagnitudeMs,regressionFloorMs,significantGain,flaggedRegression
array-100/off/mount,verdict,24,2457337952,1.0684170000000002,1.078938,0.015208,-0.00897899999999996,-0.02054149999999999,0.001667000000000085,0.0010415000000000285,0.005342085000000001,false,false
array-100/off/mount-nogc,record,24,3652774886,0.4433545,0.42952100000000004,0.015208,0.0003954999999999931,-0.013041500000000011,0.021625499999999992,,,,
array-100/off/update,verdict,24,2790861702,0.150542,0.152292,0.015208,-0.0029790000000000094,-0.0062510000000000066,0.0027920000000000167,0.0006665000000000143,0.0007527100000000001,false,false
array-100/off/update-first,verdict,24,1002472517,0.150542,0.152292,0.015208,-0.0029790000000000094,-0.0062510000000000066,0.0032915000000000166,0.0006665000000000143,0.0007527100000000001,false,false
array-100/off/update-first-nogc,record,24,315393577,0.0373755,0.037,0.015208,0.0012714999999999983,-0.0016040000000000013,0.002584000000000003,,,,
array-100/off/update-later,verdict,24,1936448453,0.049854499999999996,0.0502715,0.015208,-0.00047900000000000026,-0.0011455000000000007,0.00022950000000000054,0.00022900000000000004,0.0002492725,false,false
array-100/off/update-later-nogc,record,24,336899241,0.028624999999999998,0.028624999999999998,0.015208,0.00010450000000000043,-0.001228499999999997,0.0009579999999999936,,,,
array-100/off/update-nogc,record,24,415645744,0.0373755,0.037,0.015208,0.0012714999999999983,-0.0014170000000000016,0.002584000000000003,,,,
array-1000/off/mount,verdict,24,1870217136,6.879396,6.8480215,0.015208,-0.019229999999999414,-0.07245800000000013,0.13664500000000013,0.08641599999999983,0.08641599999999983,false,false
array-1000/off/mount-nogc,record,24,2301077782,3.282292,3.2798755,0.015208,-0.003271000000000024,-0.07891699999999968,0.10429200000000005,,,,
array-1000/off/update,verdict,24,269565526,0.170875,0.16935450000000002,0.015208,0.001875500000000016,0.0002920000000000006,0.004312499999999983,0.006208500000000006,0.006208500000000006,false,false
array-1000/off/update-first,verdict,24,2111618741,0.170875,0.16935450000000002,0.015208,0.001875500000000016,-0.00008299999999999974,0.004167999999999977,0.006208500000000006,0.006208500000000006,false,false
array-1000/off/update-first-nogc,record,24,2285438457,0.067167,0.068167,0.015208,-0.0008749999999999938,-0.003375000000000003,0.003729000000000003,,,,
array-1000/off/update-later,verdict,24,3034565653,0.059937500000000005,0.06010499999999999,0.015208,0.0002500000000000002,-0.001229000000000001,0.0023335000000000022,0.006730000000000007,0.006730000000000007,false,false
array-1000/off/update-later-nogc,record,24,1855255513,0.03375,0.034480000000000004,0.015208,-0.0007709999999999974,-0.0023120000000000016,0.0010205000000000006,,,,
array-1000/off/update-nogc,record,24,2687133600,0.067167,0.068167,0.015208,-0.0008749999999999938,-0.003375000000000003,0.003729000000000003,,,,
array-500/off/mount,verdict,24,900158668,4.023604499999999,3.9245,0.015208,0.033958000000000155,-0.03433300000000017,0.1040205000000003,0.051124999999999865,0.051124999999999865,false,false
array-500/off/mount-nogc,record,24,3882584330,1.6001250000000002,1.5901255,0.015208,0.016666999999999987,-0.02587600000000001,0.048249999999999904,,,,
array-500/off/update,verdict,24,2876554114,0.162521,0.160792,0.015208,0.002291500000000002,-0.0007289999999999935,0.006041000000000019,0.004521000000000011,0.004521000000000011,false,false
array-500/off/update-first,verdict,24,1637820857,0.162521,0.160792,0.015208,0.002291500000000002,-0.0007289999999999935,0.006061500000000011,0.004521000000000011,0.004521000000000011,false,false
array-500/off/update-first-nogc,record,24,2402149653,0.045417,0.0462295,0.015208,-0.0007085000000000008,-0.003728499999999999,0.001916000000000001,,,,
array-500/off/update-later,verdict,24,1590874369,0.054312500000000014,0.053583000000000006,0.015208,0.0004375000000000004,-0.0010415000000000008,0.002311499999999987,0.0007705000000000004,0.0007705000000000004,false,false
array-500/off/update-later-nogc,record,24,917415805,0.030042,0.030396,0.015208,-0.0002915000000000001,-0.0017500000000000016,0.0012920000000000015,,,,
array-500/off/update-nogc,record,24,1269966468,0.045417,0.0462295,0.015208,-0.0007085000000000008,-0.003499000000000002,0.0018750000000000017,,,,
computed-visible-derived/off/mount,verdict,24,407981977,0.6505625,0.650646,0.015208,-0.001332999999999973,-0.009228500000000028,0.0077504999999999935,0.004249500000000073,0.004249500000000073,false,false
computed-visible-derived/off/mount-nogc,record,24,1169122677,0.226521,0.2290835,0.015208,-0.0031454999999999955,-0.005603999999999984,0.0006249999999999867,,,,
computed-visible-derived/off/update,verdict,24,1737411421,0.28270850000000003,0.281001,0.045624,0.0013740000000000419,-0.0008550000000000224,0.005790999999999991,0.0031654999999999878,0.0031654999999999878,false,false
computed-visible-derived/off/update-first,verdict,24,210625598,0.1361255,0.1355835,0.015208,0.0005205000000000071,-0.0005420000000000008,0.003040999999999988,0.003104499999999996,0.003104499999999996,false,false
computed-visible-derived/off/update-first-nogc,record,24,2742293512,0.060667,0.0610005,0.015208,-0.000562,-0.0015420000000000017,0.0015420000000000017,,,,
computed-visible-derived/off/update-later,verdict,24,881524954,0.071375,0.07133300000000001,0.015208,0.0004165000000000002,-0.0012500000000000011,0.0012920000000000015,0.000958500000000001,0.000958500000000001,false,false
computed-visible-derived/off/update-later-nogc,record,24,1156750620,0.0503335,0.050792500000000004,0.015208,0.0002699999999999994,-0.0008750000000000008,0.0012710000000000013,,,,
computed-visible-derived/off/update-nogc,record,24,610539873,0.154709,0.15648050000000002,0.045624,-0.002521499999999996,-0.006395499999999998,0.003687999999999997,,,,
flat-100/off/mount,verdict,24,4157881868,0.635292,0.635771,0.015208,-0.0001875000000000071,-0.008375500000000036,0.005958000000000019,0.004041500000000031,0.004041500000000031,false,false
flat-100/off/mount-nogc,record,24,3373246154,0.31343750000000004,0.3165835,0.015208,-0.001979500000000023,-0.013166499999999998,0.002666999999999975,,,,
flat-100/off/update,verdict,24,3491923394,0.300983,0.3021495,0.15208,-0.001605000000000023,-0.006019499999999983,0.001771500000000037,0.0027699999999999947,0.0027699999999999947,false,false
flat-100/off/update-first,verdict,24,796218233,0.12179200000000001,0.1225215,0.015208,-0.00027049999999999297,-0.0020204999999999945,0.0017085000000000017,0.0008540000000000075,0.0008540000000000075,false,false
flat-100/off/update-first-nogc,record,24,2204153173,0.013688000000000002,0.013563000000000002,0.015208,0.00002099999999999845,-0.0003125000000000003,0.0005830000000000002,,,,
flat-100/off/update-later,verdict,24,1491602369,0.015459,0.0157715,0.015208,-0.00033299999999999996,-0.0008120000000000002,0.00037399999999999933,0.00008350000000000024,0.00008350000000000024,false,false
flat-100/off/update-later-nogc,record,24,2406058173,0.009958999999999999,0.010042000000000002,0.015208,0.00006249999999999832,-0.000499999999999997,0.00037499999999999686,,,,
flat-100/off/update-nogc,record,24,3919613508,0.11821300000000001,0.11962899999999999,0.15208,-0.001999500000000015,-0.004622999999999988,0.0018735000000000002,,,,
flat-50/off/mount,verdict,24,4092951056,0.42256249999999995,0.420646,0.015208,0.0033535000000000093,-0.005833500000000019,0.009124999999999966,0.0012920000000000154,0.0021128124999999997,false,false
flat-50/off/mount-nogc,record,24,1808156406,0.178271,0.175417,0.015208,0.0001255000000000006,-0.006290999999999991,0.005583000000000005,,,,
flat-50/off/update,verdict,24,1067550774,0.30127349999999997,0.299337,0.15208,0.0031444999999999945,-0.004187000000000024,0.00941450000000002,0.002103500000000008,0.002103500000000008,false,false
flat-50/off/update-first,verdict,24,386980117,0.12025,0.119396,0.015208,0.0011874999999999941,-0.0010415000000000008,0.0034369999999999956,0.0008540000000000075,0.0008540000000000075,false,false
flat-50/off/update-first-nogc,record,24,1334631129,0.013167000000000002,0.013042000000000002,0.015208,-0.00006250000000000179,-0.0008330000000000004,0.0008544999999999976,,,,
flat-50/off/update-later,verdict,24,1351503733,0.015626,0.0155,0.015208,0.00010399999999999993,-0.00047900000000000026,0.0004994999999999999,0.0002494999999999997,0.0002494999999999997,false,false
flat-50/off/update-later-nogc,record,24,974829625,0.009375000000000001,0.009292000000000002,0.015208,0.000083999999999999,-0.0002505000000000007,0.00037500000000000033,,,,
flat-50/off/update-nogc,record,24,741859200,0.1111065,0.11033599999999999,0.15208,0.0007079999999999864,-0.0033314999999999872,0.0067080000000000195,,,,
flat-500/off/mount,verdict,24,671677600,2.286063,2.2714375,0.015208,0.0052915000000000045,-0.011874999999999858,0.02983250000000015,0.0038124999999999964,0.011430315,false,false
flat-500/off/mount-nogc,record,24,2598054,1.3071875,1.296688,0.015208,0.019750000000000045,-0.00637399999999988,0.053854499999999916,,,,
flat-500/off/update,verdict,24,2120509382,0.3345665,0.3313155,0.15208,0.0033754999999999757,-0.0024179999999999757,0.009415499999999993,0.003604999999999997,0.003604999999999997,false,false
flat-500/off/update-first,verdict,24,83091973,0.14066700000000001,0.13947900000000002,0.015208,0.001499499999999987,-0.0014794999999999947,0.003833000000000003,0.00006199999999999262,0.0007033350000000001,false,false
flat-500/off/update-first-nogc,record,24,446936937,0.019500500000000004,0.019833500000000004,0.015208,-0.00006200000000000302,-0.0015415000000000012,0.0013129999999999947,,,,
flat-500/off/update-later,verdict,24,634187141,0.016792,0.016501000000000002,0.015208,0.00010399999999999993,-0.00033350000000000046,0.0006670000000000009,0.00004200000000000037,0.00008396,false,false
flat-500/off/update-later-nogc,record,24,3534223849,0.010458000000000002,0.010375000000000002,0.015208,-0.0001454999999999998,-0.0005000000000000004,0.0006874999999999989,,,,
flat-500/off/update-nogc,record,24,2358228208,0.1276295,0.125064,0.15208,0.003769500000000009,-0.0062085000000000334,0.00845900000000005,,,,
if-then/off/mount,verdict,24,893303742,0.539542,0.5378755000000001,0.015208,0.0011249999999999871,-0.003895499999999996,0.0035620000000000096,0.006333000000000033,0.006333000000000033,false,false
if-then/off/mount-nogc,record,24,1114421896,0.1747085,0.177917,0.015208,-0.002771499999999996,-0.009479500000000002,0.002125000000000002,,,,
if-then/off/update,verdict,24,200146568,0.149459,0.150417,0.030416,-0.0006459999999999938,-0.0043340000000000045,0.0010625000000000079,0.002416500000000002,0.002416500000000002,false,false
if-then/off/update-first,verdict,24,3676426395,0.0988335,0.10052150000000001,0.015208,-0.0012084999999999943,-0.003958499999999997,0,0.0025209999999999955,0.0025209999999999955,false,false
if-then/off/update-first-nogc,record,24,1403085395,0.042334000000000004,0.043250000000000004,0.015208,-0.0007294999999999975,-0.0016249999999999945,0.00004200000000000037,,,,
if-then/off/update-later,verdict,24,4200980243,0.0390215,0.038126,0.015208,0.0009375000000000008,0.0003125000000000003,0.001187500000000001,0.0001250000000000001,0.0001951075,true,false
if-then/off/update-later-nogc,record,24,1071961323,0.033167,0.0335215,0.015208,-0.000563000000000001,-0.0010420000000000013,0.0009160000000000001,,,,
if-then/off/update-nogc,record,24,3207786446,0.080667,0.0809595,0.030416,-0.0002915000000000001,-0.0022705000000000017,0.0018750000000000017,,,,
if-then/on/mount,verdict,24,3711996072,8.400771,8.407187500000001,0.030375,0.008562000000000403,-0.045417000000000485,0.050499999999999545,0.003146499999999719,0.04200385500000001,false,false
if-then/on/mount-nogc,record,24,4216428398,4.1155215,4.141271,0.030375,-0.019916500000000337,-0.0754999999999999,0.039374499999999646,,,,
if-then/on/update,verdict,24,1958154958,0.3022705,0.30458399999999997,0.06075,-0.00248000000000001,-0.00745800000000002,0.0033334999999999892,0.00045800000000001395,0.0015113525,false,false
if-then/on/update-first,verdict,24,434693229,0.2115415,0.21381250000000002,0.030375,-0.0015835000000000016,-0.005917000000000006,0.0018129999999999952,0.0005835000000000007,0.0010577075,false,false
if-then/on/update-first-nogc,record,24,2649883153,0.0984165,0.09908399999999999,0.030375,-0.0010005000000000014,-0.002625000000000016,0.00235500000000001,,,,
if-then/on/update-later,verdict,24,1118177933,0.0708545,0.0713545,0.030375,-0.0004169999999999868,-0.0013124999999999942,0.00029149999999999315,0.0007090000000000013,0.0007090000000000013,false,false
if-then/on/update-later-nogc,record,24,3315765809,0.055020500000000014,0.054437500000000014,0.030375,-0.00018800000000000067,-0.0010619999999999935,0.0015834999999999946,,,,
if-then/on/update-nogc,record,24,2630549624,0.1654795,0.164541,0.06075,0.0008964999999999945,-0.0025624999999999953,0.0035409999999999886,,,,
nested-d3-f4/off/mount,verdict,24,2122410953,0.5840005,0.5846255,0.015208,0.0011669999999999736,-0.010917000000000066,0.008957999999999966,0.003020999999999996,0.003020999999999996,false,false
nested-d3-f4/off/mount-nogc,record,24,3934900613,0.2888545,0.28829150000000003,0.015208,-0.0036670000000000036,-0.009707500000000008,0.009291999999999995,,,,
nested-d3-f4/off/update,verdict,24,3655049421,0.3843765,0.38279700000000005,0.15208,0.0038309999999999733,-0.00364749999999997,0.00964799999999999,0.004541500000000032,0.004541500000000032,false,false
nested-d3-f4/off/update-first,verdict,24,1314865358,0.1327715,0.131792,0.015208,-0.0008750000000000008,-0.0022705000000000086,0.0023960000000000092,0.0004794999999999938,0.0006638575,false,false
nested-d3-f4/off/update-first-nogc,record,24,245893752,0.018583500000000003,0.018292000000000003,0.015208,0.00006250000000000006,-0.0006239999999999996,0.0009995000000000004,,,,
nested-d3-f4/off/update-later,verdict,24,2739021194,0.0235835,0.0235625,0.015208,-0.00008350000000000024,-0.0007090000000000013,0.0009160000000000001,0.0001454999999999998,0.0001454999999999998,false,false
nested-d3-f4/off/update-later-nogc,record,24,2735514668,0.013876,0.013792000000000002,0.015208,-0.00010349999999999943,-0.0005625000000000005,0.0006455000000000002,,,,
nested-d3-f4/off/update-nogc,record,24,2011407857,0.15839750000000002,0.15665,0.15208,0.0032270000000000076,-0.005107,0.006520999999999971,,,,
nested-d5-f4/off/mount,verdict,24,2460248687,6.0582085,6.046084,0.015208,0.02745849999999983,-0.10604199999999997,0.08891700000000036,0.02468749999999975,0.0302910425,false,false
nested-d5-f4/off/mount-nogc,record,24,2110395215,4.3563335,4.3830835,0.015208,0.003375500000000198,-0.15495850000000022,0.1027079999999998,,,,
nested-d5-f4/off/update,verdict,24,3134862295,0.512003,0.509942,0.15208,0.0008144999999999403,-0.0034795000000000242,0.010607000000000033,0.0035634999999999972,0.0035634999999999972,false,false
nested-d5-f4/off/update-first,verdict,24,333029644,0.173875,0.1727085,0.015208,0.0007500000000000007,-0.0034369999999999817,0.0034784999999999955,0.0006454999999999933,0.000869375,false,false
nested-d5-f4/off/update-first-nogc,record,24,882839498,0.043938,0.0443545,0.015208,-0.0004580000000000001,-0.0024995000000000017,0.0012709999999999978,,,,
nested-d5-f4/off/update-later,verdict,24,4126256096,0.0323545,0.032334,0.015208,0.00018800000000000067,-0.0006250000000000006,0.0011465000000000017,0.000021000000000000185,0.0001617725,false,false
nested-d5-f4/off/update-later-nogc,record,24,1047989862,0.018375000000000002,0.018479500000000003,0.015208,-0.0003130000000000008,-0.000666499999999997,0.00033299999999999996,,,,
nested-d5-f4/off/update-nogc,record,24,65411927,0.2306265,0.23065000000000002,0.15208,-0.0030004999999999893,-0.005998000000000003,0.006498000000000004,,,,
oneOf-10/off/axis-first,verdict,24,3674654765,0.5046465,0.4750625,0.015208,0.030104500000000006,0.022749999999999992,0.037645999999999985,0.004229000000000038,0.004229000000000038,true,false
oneOf-10/off/axis-first-nogc,record,24,517363281,0.26177150000000005,0.23504199999999997,0.015208,0.02437450000000002,0.021542000000000006,0.03264599999999998,,,,
oneOf-10/off/axis-later,verdict,24,805502797,0.29535449999999996,0.2724795,0.015208,0.0227705,0.020542000000000005,0.02491600000000005,0.0012294999999999945,0.0014767724999999998,true,false
oneOf-10/off/axis-later-nogc,record,24,2828411249,0.155396,0.140021,0.015208,0.015395500000000006,0.01129150000000001,0.017792000000000002,,,,
oneOf-10/off/axis-update,verdict,24,1866134840,0.819563,0.7592924999999999,0.030416,0.06097899999999995,0.05245900000000003,0.07043799999999995,0.0077705000000000135,0.0077705000000000135,true,false
oneOf-10/off/axis-update-nogc,record,24,1851880478,0.43039649999999996,0.383834,0.030416,0.041937,0.03908199999999995,0.057084000000000024,,,,
oneOf-10/off/mount,verdict,24,3735967596,1.473084,1.4332085,0.015208,0.04443750000000002,0.029479499999999992,0.05629200000000001,0.008999499999999938,0.008999499999999938,true,false
oneOf-10/off/mount-nogc,record,24,3345236010,0.5610005,0.549334,0.015208,0.0164165,0.004354500000000039,0.022625000000000006,,,,
oneOf-10/off/update,verdict,24,3648473506,1.0587925,1.0249805,0.030416,0.03945799999999999,0.02535350000000003,0.04370900000000022,0.003958000000000017,0.0052939625,true,false
oneOf-10/off/update-first,verdict,24,2935259353,0.66998,0.668542,0.015208,0.0019379999999999953,-0.005895499999999998,0.017520999999999953,0.0012495000000000145,0.0033499000000000003,false,false
oneOf-10/off/update-first-nogc,record,24,149851701,0.2515,0.238313,0.015208,0.012521000000000018,0.0073965,0.019790999999999975,,,,
oneOf-10/off/update-later,verdict,24,2888312865,0.2934585,0.281375,0.015208,0.012186999999999976,0.009541999999999995,0.014791499999999985,0.0002294999999999936,0.0014672925,true,false
oneOf-10/off/update-later-nogc,record,24,856082205,0.1503755,0.1393125,0.015208,0.009417499999999995,0.007082999999999992,0.012874999999999998,,,,
oneOf-10/off/update-nogc,record,24,1781434148,0.42639649999999996,0.38873,0.030416,0.03629149999999998,0.029332999999999998,0.045937499999999964,,,,
oneOf-10/on/mount,verdict,24,2089960006,10.572896,10.4929585,0.030375,0.04562449999999885,-0.06672849999999997,0.3378955000000001,0.03354199999999974,0.05286448,false,false
oneOf-10/on/mount-nogc,record,24,1788257392,5.1211665,5.1360415,0.030375,0.02250049999999959,-0.05537499999999973,0.0701660000000004,,,,
oneOf-10/on/update,verdict,24,362815632,1.318458,1.256541,0.06075,0.054021499999999945,0.04504149999999996,0.07999900000000015,0.007896000000000014,0.007896000000000014,true,false
oneOf-10/on/update-first,verdict,24,3416799171,0.864292,0.841,0.030375,0.01741699999999996,0.009520499999999987,0.047063500000000036,0.002874500000000113,0.00432146,true,false
oneOf-10/on/update-first-nogc,record,24,982163195,0.40650000000000003,0.400708,0.030375,0.0072289999999999854,-0.0034159999999999746,0.012166499999999997,,,,
oneOf-10/on/update-later,verdict,24,1385673531,0.34741700000000003,0.325729,0.030375,0.017791,0.013458000000000025,0.025332999999999994,0.009479000000000015,0.009479000000000015,true,false
oneOf-10/on/update-later-nogc,record,24,1844724851,0.19574999999999998,0.188979,0.030375,0.007145499999999999,0.0045409999999999895,0.009374999999999994,,,,
oneOf-10/on/update-nogc,record,24,40934006,0.6293535,0.6123125,0.06075,0.02172999999999997,0.013604499999999964,0.033062499999999995,,,,
oneOf-20/off/axis-first,verdict,24,1550638104,0.764417,0.6843754999999999,0.015208,0.07910400000000001,0.07627050000000002,0.08233400000000002,0.027750499999999956,0.027750499999999956,true,false
oneOf-20/off/axis-first-nogc,record,24,3514492542,0.38189649999999997,0.36185449999999997,0.015208,0.018374999999999975,0.01270899999999997,0.030499,,,,
oneOf-20/off/axis-later,verdict,24,2817934148,0.4247085,0.3716255,0.015208,0.05266649999999998,0.05125000000000002,0.05358200000000002,0.010312999999999989,0.010312999999999989,true,false
oneOf-20/off/axis-later-nogc,record,24,497723618,0.21441700000000002,0.1973755,0.015208,0.01743800000000001,0.01310399999999999,0.021291000000000004,,,,
oneOf-20/off/axis-update,verdict,24,3621364747,1.2202715,1.0717505,0.030416,0.14391749999999992,0.13308300000000006,0.15574900000000014,0.04256199999999988,0.04256199999999988,true,false
oneOf-20/off/axis-update-nogc,record,24,3692147555,0.610772,0.57375,0.030416,0.042124500000000065,0.025063000000000002,0.0490835,,,,
oneOf-20/off/mount,verdict,24,137569783,2.1896875000000002,2.1677085000000003,0.015208,0.01854149999999999,0.010667000000000204,0.03152149999999976,0.01420850000000029,0.01420850000000029,true,false
oneOf-20/off/mount-nogc,record,24,494920439,0.9482715,0.9815625,0.015208,-0.033833500000000016,-0.05106250000000001,-0.019208000000000003,,,,
oneOf-20/off/update,verdict,24,2072399967,1.3918545,1.3252295,0.030416,0.06864599999999998,0.04266700000000001,0.08174899999999996,0.018396499999999927,0.018396499999999927,true,false
oneOf-20/off/update-first,verdict,24,3886521300,0.877417,0.8706045,0.015208,0.006729499999999999,-0.00854149999999998,0.01824999999999999,0.009000499999999967,0.009000499999999967,false,false
oneOf-20/off/update-first-nogc,record,24,1729817810,0.359896,0.36895849999999997,0.015208,-0.008353499999999986,-0.021853999999999985,0.0005010000000000292,,,,
oneOf-20/off/update-later,verdict,24,2462574280,0.409084,0.383167,0.015208,0.024062499999999987,0.022582999999999992,0.026666999999999996,0.004292000000000018,0.004292000000000018,true,false
oneOf-20/off/update-later-nogc,record,24,3718446990,0.201042,0.19931300000000002,0.015208,0.0011670000000000014,-0.0022084999999999883,0.006500000000000006,,,,
oneOf-20/off/update-nogc,record,24,3725294111,0.5868125,0.5914170000000001,0.030416,-0.0021669999999999745,-0.015832999999999986,0.01397900000000002,,,,
oneOf-20/on/mount,verdict,24,536216923,12.8101255,12.8572085,0.030375,-0.006250000000000533,-0.41074949999999966,0.09760349999999995,0.024833000000000105,0.0640506275,false,false
oneOf-20/on/mount-nogc,record,24,2095713683,6.600458499999999,6.578749999999999,0.030375,0.032041500000000056,-0.05425099999999983,0.14275000000000038,,,,
oneOf-20/on/update,verdict,24,2992916867,1.6987085,1.623396,0.06075,0.08297900000000002,-0.009020499999999876,0.11312499999999992,0.0001034999999999231,0.0084935425,false,false
oneOf-20/on/update-first,verdict,24,733506064,1.097854,1.0891045,0.030375,0.017687999999999926,-0.04424949999999994,0.03495900000000007,0.008520000000000083,0.008520000000000083,false,false
oneOf-20/on/update-first-nogc,record,24,2245203702,0.57,0.5541244999999999,0.030375,0.020709000000000033,0.003292000000000017,0.027000000000000024,,,,
oneOf-20/on/update-later,verdict,24,2942978684,0.4742085000000001,0.4518545,0.030375,0.026208500000000023,-0.00372900000000001,0.03464600000000001,0.00008350000000006963,0.0023710425000000005,false,false
oneOf-20/on/update-later-nogc,record,24,3947506010,0.27187500000000003,0.254708,0.030375,0.016896000000000022,0.014375000000000027,0.022603999999999985,,,,
oneOf-20/on/update-nogc,record,24,817602875,0.8948545,0.834167,0.06075,0.05637500000000001,0.04224950000000005,0.08470900000000003,,,,
oneOf-40/off/axis-first,verdict,24,1497483746,1.2837505,1.1108959999999999,0.015208,0.17087450000000004,0.15756250000000005,0.18800050000000013,0.03412499999999996,0.03412499999999996,true,false
oneOf-40/off/axis-first-nogc,record,24,168348644,0.616084,0.549855,0.015208,0.070042,0.04554150000000001,0.09408299999999997,,,,
oneOf-40/off/axis-later,verdict,24,1662581686,0.6765415,0.5637709999999999,0.015208,0.10520849999999998,0.09600049999999999,0.110562,0.025540499999999966,0.025540499999999966,true,false
oneOf-40/off/axis-later-nogc,record,24,2847758848,0.335125,0.282459,0.015208,0.04872949999999998,0.04366700000000001,0.062417,,,,
oneOf-40/off/axis-update,verdict,24,2896553581,1.988001,1.6981255,0.030416,0.2821450000000001,0.25956250000000003,0.3111875000000002,0.05310499999999996,0.05310499999999996,true,false
oneOf-40/off/axis-update-nogc,record,24,494438417,0.967564,0.8439585000000001,0.030416,0.12083349999999998,0.09220850000000008,0.16903999999999997,,,,
oneOf-40/off/mount,verdict,24,1222622965,3.4439795,3.4199170000000003,0.015208,0.012354500000000046,-0.02024999999999988,0.05341700000000005,0.024041999999999897,0.024041999999999897,false,false
oneOf-40/off/mount-nogc,record,24,2995726009,1.632771,1.6079165,0.015208,0.04297899999999999,-0.05624999999999991,0.09075000000000011,,,,
oneOf-40/off/update,verdict,24,1622452425,2.1590629999999997,2.014626,0.030416,0.13191599999999992,0.09758299999999998,0.19331350000000003,0.06356150000000005,0.06356150000000005,true,false
oneOf-40/off/update-first,verdict,24,1587535106,1.3566675,1.336688,0.015208,0.0149165,-0.01331249999999995,0.051458000000000004,0.028916000000000053,0.028916000000000053,false,false
oneOf-40/off/update-first-nogc,record,24,2522295044,0.5697085,0.5455,0.015208,0.02016650000000003,0.004709000000000074,0.04858400000000007,,,,
oneOf-40/off/update-later,verdict,24,2453386966,0.637292,0.593792,0.015208,0.039333499999999966,0.036375000000000046,0.051313,0.011520499999999989,0.011520499999999989,true,false
oneOf-40/off/update-later-nogc,record,24,695185696,0.311042,0.281688,0.015208,0.025021000000000015,0.020229999999999998,0.031291999999999986,,,,
oneOf-40/off/update-nogc,record,24,947669125,0.931334,0.8504795,0.030416,0.07410450000000002,0.05243749999999997,0.11010500000000001,,,,
oneOf-40/on/mount,verdict,24,1558636753,18.0830835,18.1597705,0.030375,-0.038666499999999715,-0.20641700000000185,0.04949900000000085,0.06960449999999874,0.09041541750000001,false,false
oneOf-40/on/mount-nogc,record,24,2370373293,10.003521000000001,10.091646,0.030375,-0.0902914999999993,-0.15650099999999867,-0.004458499999999255,,,,
oneOf-40/on/update,verdict,24,3315534165,2.4612505,2.3598965,0.06075,0.1401675,0.09531199999999984,0.16212499999999985,0.02043700000000004,0.02043700000000004,true,false
oneOf-40/on/update-first,verdict,24,3690141014,1.568167,1.5834585,0.030375,0.00808349999999991,-0.02187400000000017,0.01891699999999985,0.007707999999999937,0.007840835,false,false
oneOf-40/on/update-first-nogc,record,24,3503434912,0.8251664999999999,0.810896,0.030375,0.013876000000000055,0.006270500000000012,0.03224899999999997,,,,
oneOf-40/on/update-later,verdict,24,2651871794,0.710812,0.6848954999999999,0.030375,0.03264550000000005,0.022104000000000013,0.04149999999999998,0.005416499999999935,0.005416499999999935,true,false
oneOf-40/on/update-later-nogc,record,24,3035715540,0.38904200000000005,0.36625,0.030375,0.021020499999999998,0.014020499999999991,0.02731249999999999,,,,
oneOf-40/on/update-nogc,record,24,2797639833,1.2980835,1.2172505,0.06075,0.08404100000000003,0.06450050000000007,0.10096000000000016,,,,
oneOf-5/off/axis-first,verdict,24,1393634305,0.35837549999999996,0.3485835,0.015208,0.010041499999999981,0.005500000000000005,0.015583000000000014,0.0004790000000000072,0.0017918774999999998,true,false
oneOf-5/off/axis-first-nogc,record,24,3932878973,0.18062499999999998,0.1738545,0.015208,0.0063329999999999775,0.002709000000000003,0.011144999999999988,,,,
oneOf-5/off/axis-later,verdict,24,1556745577,0.2293965,0.21800049999999999,0.015208,0.011583499999999997,0.008937499999999987,0.013541999999999998,0.0010000000000000009,0.0011469825000000001,true,false
oneOf-5/off/axis-later-nogc,record,24,2409485477,0.11002100000000001,0.107188,0.015208,0.0025000000000000022,0.0008750000000000008,0.006458000000000005,,,,
oneOf-5/off/axis-update,verdict,24,3681690676,0.6094595,0.584793,0.030416,0.026791999999999982,0.020937499999999998,0.031291999999999986,0.004208500000000004,0.004208500000000004,true,false
oneOf-5/off/axis-update-nogc,record,24,1906952242,0.30556300000000003,0.29347900000000005,0.030416,0.010812000000000044,0.005145499999999997,0.020979499999999984,,,,
oneOf-5/off/mount,verdict,24,19489160,1.119771,1.1142920000000003,0.015208,0.0082295,-0.006291500000000005,0.01591699999999996,0.0014369999999999106,0.005598855000000001,false,false
oneOf-5/off/mount-nogc,record,24,2565101774,0.35710450000000005,0.346771,0.015208,0.010687999999999975,0.0018750000000000155,0.018333500000000003,,,,
oneOf-5/off/update,verdict,24,897908014,0.888855,0.869626,0.030416,0.021666999999999992,0.00983299999999998,0.030333999999999972,0.005624500000000032,0.005624500000000032,true,false
oneOf-5/off/update-first,verdict,24,3559859789,0.563646,0.5613549999999999,0.015208,0.004041500000000031,-0.0030210000000000514,0.011041999999999996,0.009250000000000036,0.009250000000000036,false,false
oneOf-5/off/update-first-nogc,record,24,1711855217,0.179563,0.1726875,0.015208,0.007771,0.004917000000000005,0.011582999999999982,,,,
oneOf-5/off/update-later,verdict,24,4243447661,0.23852099999999998,0.23022900000000002,0.015208,0.008104,0.004853999999999997,0.01260399999999999,0.0015204999999999802,0.0015204999999999802,true,false
oneOf-5/off/update-later-nogc,record,24,2841260817,0.11049999999999999,0.10710449999999999,0.015208,0.003958000000000003,0.000896000000000001,0.005603999999999998,,,,
oneOf-5/off/update-nogc,record,24,2896238808,0.306292,0.29131300000000004,0.030416,0.017124500000000015,0.009374999999999994,0.02100000000000002,,,,
oneOf-5/on/mount,verdict,24,3175730434,9.446271,9.3746665,0.030375,0.039541999999999966,-0.01083299999999987,0.12287600000000154,0.0020834999999985726,0.047231354999999996,false,false
oneOf-5/on/mount-nogc,record,24,1666775812,4.495333,4.502333999999999,0.030375,-0.0272079999999999,-0.060875999999999486,0.047021000000000424,,,,
oneOf-5/on/update,verdict,24,3592750012,1.0972084999999998,1.0614374999999998,0.06075,0.035771499999999956,0.02618750000000003,0.044791000000000025,0.007750999999999952,0.007750999999999952,true,false
oneOf-5/on/update-first,verdict,24,406756983,0.7232505,0.710625,0.030375,0.010458499999999982,0.0013544999999999807,0.024624499999999994,0.0025620000000000087,0.0036162525,true,false
oneOf-5/on/update-first-nogc,record,24,539503735,0.34227100000000005,0.33918750000000003,0.030375,0.003958000000000017,-0.0042290000000000105,0.01120850000000001,,,,
oneOf-5/on/update-later,verdict,24,2124039319,0.27995850000000005,0.26670849999999996,0.030375,0.012166499999999969,0.008000000000000007,0.015938000000000008,0.002853500000000009,0.002853500000000009,true,false
oneOf-5/on/update-later-nogc,record,24,3369921943,0.16581250000000003,0.16210400000000003,0.030375,0.0041665000000000035,0.0014160000000000006,0.0064165000000000055,,,,
oneOf-5/on/update-nogc,record,24,2238267930,0.533687,0.521833,0.06075,0.009249500000000022,0.0016239999999999588,0.022667000000000048,,,,
sample-0/off/mount,verdict,24,275648686,0.206396,0.2057295,0.015208,-0.0005415000000000142,-0.0038539999999999963,0.003374999999999989,0.0022714999999999957,0.0022714999999999957,false,false
sample-0/off/mount-nogc,record,24,3373495128,0.044938,0.0445835,0.015208,0.0002715000000000009,-0.0012709999999999978,0.002581999999999994,,,,
sample-0/off/update,verdict,24,942282296,0.12479200000000001,0.12379200000000001,0.015208,0.0012910000000000005,-0.0015419999999999878,0.0038339999999999763,0.001458000000000001,0.001458000000000001,false,false
sample-0/off/update-first,verdict,24,2732501867,0.12479200000000001,0.12379200000000001,0.015208,0.0012910000000000005,-0.0017080000000000012,0.00387549999999999,0.001458000000000001,0.001458000000000001,false,false
sample-0/off/update-first-nogc,record,24,3466566339,0.0249585,0.0246255,0.015208,0.0002710000000000004,-0.0007915000000000005,0.0015000000000000013,,,,
sample-0/off/update-later,verdict,24,3639353219,0.040917,0.0404795,0.015208,0.0002704999999999999,-0.0005420000000000008,0.001459000000000002,0.000396500000000001,0.000396500000000001,false,false
sample-0/off/update-later-nogc,record,24,3498943291,0.019958999999999998,0.019667000000000004,0.015208,0.00033299999999999996,-0.0008745000000000003,0.0013740000000000002,,,,
sample-0/off/update-nogc,record,24,1437505310,0.0249585,0.0246255,0.015208,0.0002710000000000004,-0.0007500000000000007,0.0015000000000000013,,,,
sample-1/off/mount,verdict,24,2315382961,0.272792,0.269251,0.015208,0.0034380000000000244,-0.004249999999999976,0.011979500000000032,0.002666500000000016,0.002666500000000016,false,false
sample-1/off/mount-nogc,record,24,2797128589,0.08533400000000001,0.084792,0.015208,0.0001460000000000003,-0.0016665000000000013,0.0034585000000000032,,,,
sample-1/off/update,verdict,24,1030296757,0.13375,0.131604,0.015208,0.0015005000000000018,0.0004170000000000007,0.005291000000000004,0.0009580000000000005,0.0009580000000000005,true,false
sample-1/off/update-first,verdict,24,2227322166,0.13375,0.131604,0.015208,0.0015005000000000018,0.0004170000000000007,0.005207500000000004,0.0009580000000000005,0.0009580000000000005,true,false
sample-1/off/update-first-nogc,record,24,4183080576,0.031084,0.0307715,0.015208,-5.000000000005e-7,-0.0007090000000000013,0.0011245000000000005,,,,
sample-1/off/update-later,verdict,24,1889806866,0.04625,0.045729,0.015208,0.0007710000000000009,0.000021000000000000185,0.0017500000000000016,0.000020499999999999685,0.00023125,true,false
sample-1/off/update-later-nogc,record,24,1036651316,0.025334000000000002,0.025292000000000002,0.015208,0.00022900000000000004,-0.000792000000000001,0.0009580000000000005,,,,
sample-1/off/update-nogc,record,24,1979222009,0.031084,0.0307715,0.015208,-5.000000000005e-7,-0.0007090000000000013,0.001124,,,,
sample-2/off/mount,verdict,24,878996484,0.3470835,0.34693799999999997,0.015208,-0.0006045000000000078,-0.009958499999999981,0.008353500000000014,0.0014795000000000225,0.0017354175,false,false
sample-2/off/mount-nogc,record,24,3693297954,0.11820800000000001,0.11962600000000001,0.015208,-0.0005835000000000007,-0.0040000000000000036,0.0013120000000000076,,,,
sample-2/off/update,verdict,24,4058001754,0.135375,0.135501,0.015208,0.0009369999999999934,-0.0026249999999999885,0.002541500000000002,0.00006299999999999362,0.000676875,false,false
sample-2/off/update-first,verdict,24,2235256849,0.135375,0.135501,0.015208,0.0009369999999999934,-0.0026249999999999885,0.002457999999999988,0.00006299999999999362,0.000676875,false,false
sample-2/off/update-first-nogc,record,24,2159754349,0.0321875,0.032396,0.015208,-0.0005205000000000001,-0.0013340000000000019,0.0005415000000000003,,,,
sample-2/off/update-later,verdict,24,2387339097,0.0444585,0.044542,0.015208,-0.0002915000000000001,-0.001354999999999995,0.0013119999999999937,0.0005835000000000007,0.0005835000000000007,false,false
sample-2/off/update-later-nogc,record,24,1131356597,0.026167000000000003,0.026146500000000003,0.015208,0.00022900000000000004,-0.0008750000000000008,0.0009989999999999999,,,,
sample-2/off/update-nogc,record,24,3234467484,0.0321875,0.032396,0.015208,-0.0005205000000000001,-0.0013340000000000019,0.0005415000000000003,,,,
sample-3/off/mount,verdict,24,3604011335,0.7612709999999999,0.7555215000000001,0.015208,0.002874500000000002,-0.009021000000000001,0.02254199999999995,0.00687500000000002,0.00687500000000002,false,false
sample-3/off/mount-nogc,record,24,2812757095,0.29987549999999996,0.29718750000000005,0.015208,0.002000500000000044,-0.015291999999999972,0.01641650000000003,,,,
sample-3/off/update,verdict,24,844708719,0.137542,0.1379375,0.015208,0.0007290000000000074,-0.001792000000000002,0.0029580000000000023,0.0010000000000000009,0.0010000000000000009,false,false
sample-3/off/update-first,verdict,24,3343380036,0.137542,0.1379375,0.015208,0.0007290000000000074,-0.001917000000000002,0.002917000000000003,0.0010000000000000009,0.0010000000000000009,false,false
sample-3/off/update-first-nogc,record,24,743238114,0.0320215,0.0323545,0.015208,-0.0005415000000000003,-0.0018130000000000021,0.0006670000000000009,,,,
sample-3/off/update-later,verdict,24,1877273048,0.04625,0.046125,0.015208,0.0004580000000000001,-0.0008339999999999979,0.0009580000000000005,0.00033400000000000096,0.00033400000000000096,false,false
sample-3/off/update-later-nogc,record,24,2340783294,0.024917,0.024896500000000002,0.015208,-0.0001250000000000001,-0.0008760000000000018,0.0007080000000000003,,,,
sample-3/off/update-nogc,record,24,2709276239,0.0320215,0.0323545,0.015208,-0.0005415000000000003,-0.0018130000000000021,0.0006670000000000009,,,,
