행키,경로,fixture,검증,mode,구분,단위,블록수,블록중앙값차이,구간하한,구간상한,0제외,행시드,기준중앙값,후보중앙값,보정량,기준먼저중앙값,후보먼저중앙값,A_A절댓값
array-100/off/commits-mount,react,array-100,off,commits-mount,기록,회,24,0,0,0,false,2610160831,2,2,0,0,0,0
array-100/off/commits-mount-nogc,react,array-100,off,commits-mount-nogc,기록,회,24,0,0,0,false,4071867519,2,2,0,0,0,0
array-100/off/commits-update,react,array-100,off,commits-update,기록,회,24,0,0,0,false,4142760807,1,1,0,0,0,0
array-100/off/commits-update-nogc,react,array-100,off,commits-update-nogc,기록,회,24,0,0,0,false,2664996103,1,1,0,0,0,0
array-100/off/mount-active,react,array-100,off,mount-active,판정,ms,24,-0.08006149770722004,-0.27631250214562897,0.48200051034359603,false,1467506953,59.75437548727223,59.67810396805203,0,-0.0504790050072188,-0.08006149770722004,0.08006149770722004
array-100/off/mount-active-nogc,react,array-100,off,mount-active-nogc,기록,ms,24,0.07945751997203843,-0.1551250103084385,0.3282915009540375,false,1299137093,47.48218799055394,47.376249979551176,0,0.07945751997203843,0.07472804867347804,0.07945751997203843
array-100/off/mount-wall,react,array-100,off,mount-wall,판정,ms,24,-0.019874999999956344,-0.24483349999991333,0.4441249999997581,false,2827396979,62.21693749999986,62.08310350000011,0,-0.023083500000211643,-0.007646000000022468,0.019874999999956344
array-100/off/mount-wall-nogc,react,array-100,off,mount-wall-nogc,기록,ms,24,0.0048124999993888196,-0.49768750000066575,0.501709000000119,false,3073177163,49.42962499999885,49.512000499999886,0,-0.19033349999972415,0.10891699999956472,0.0048124999993888196
array-100/off/profiler-mount,react,array-100,off,profiler-mount,기록,ms,24,0.02159549996849819,-0.24189100001603947,0.19781350000630482,false,1184547854,44.89052249998281,44.7883404999634,0,0.02159549996849819,-0.010108999921840223,0.02159549996849819
array-100/off/profiler-mount-nogc,react,array-100,off,profiler-mount-nogc,기록,ms,24,0.06676699985746382,-0.16838100014319934,0.596966500101189,false,3853335608,38.19461300002558,38.14982600005533,0,0.0013969999045002623,0.3305705000088892,0.06676699985746382
array-100/off/profiler-update,react,array-100,off,profiler-update,기록,ms,24,0.0018939999968097254,-0.0014430000053380354,0.004946500003143228,false,545736728,0.22573350000197934,0.2238549999967745,0,0.001729999997678533,0.0022319999995943363,0.0018939999968097254
array-100/off/profiler-update-nogc,react,array-100,off,profiler-update-nogc,기록,ms,24,-0.0010699999966163887,-0.0036300000065239146,0.004871000010098214,false,4186909310,0.1581025000000409,0.15801250001095468,0,-0.0010699999966163887,-0.0013954999826637504,0.0010699999966163887
array-100/off/update-active,react,array-100,off,update-active,판정,ms,24,0.0017910599708557129,-0.0038129687309265137,0.010457992553710938,false,2506720195,0.8009999990463257,0.7952080368995667,0,0.0034990012645721436,0.0011045336723327637,0.0017910599708557129
array-100/off/update-active-nogc,react,array-100,off,update-active-nogc,기록,ms,24,-0.00522950291633606,-0.01229095458984375,0.0160214900970459,false,417039099,0.6084585189819336,0.6024585068225861,0,-0.004937499761581421,-0.00522950291633606,0.00522950291633606
array-100/off/update-wall,react,array-100,off,update-wall,판정,ms,24,0.0019585000000006403,-0.0036460000001170556,0.01033349999966049,false,3678003465,0.7984169999999722,0.79300000000012,0,0.003520999999864216,0.0015414999998029089,0.0019585000000006403
array-100/off/update-wall-nogc,react,array-100,off,update-wall-nogc,기록,ms,24,-0.00606250000100772,-0.012499999998908606,0.015499999999519787,false,3562259013,0.6067290000000867,0.6006870000001072,0,-0.00483299999996234,-0.00606250000100772,0.00606250000100772
array-1000/off/commits-mount,react,array-1000,off,commits-mount,기록,회,24,0,0,0,false,3577150671,2,2,0,0,0,0
array-1000/off/commits-mount-nogc,react,array-1000,off,commits-mount-nogc,기록,회,24,0,0,0,false,3743575599,2,2,0,0,0,0
array-1000/off/commits-update,react,array-1000,off,commits-update,기록,회,24,0,0,0,false,2577135543,1,1,0,0,0,0
array-1000/off/commits-update-nogc,react,array-1000,off,commits-update-nogc,기록,회,24,0,0,0,false,624689975,1,1,0,0,0,0
array-1000/off/mount-active,react,array-1000,off,mount-active,판정,ms,24,0.8000199941325263,-5.636166987806064,5.857707909875899,false,1576287993,586.5974374935631,586.1156245459242,0,1.1944374735921883,0.1702709913624858,0.8000199941325263
array-1000/off/mount-active-nogc,react,array-1000,off,mount-active-nogc,기록,ms,24,-4.609562025012565,-9.527061508902989,2.5742509643459925,false,3252590549,509.5139584897479,512.0035629729682,0,-4.609562025012565,-2.8611464883069857,4.609562025012565
array-1000/off/mount-wall,react,array-1000,off,mount-wall,판정,ms,24,1.0431245000017952,-5.8842920000024606,5.953041000000667,false,313677379,588.0436040000004,587.6555829999998,0,1.4626255000057427,-0.3578545000000304,1.0431245000017952
array-1000/off/mount-wall-nogc,react,array-1000,off,mount-wall-nogc,기록,ms,24,-5.191125000004831,-10.472395500000857,2.5720000000001164,false,188045947,511.7744795000035,514.319083500006,0,-5.191125000004831,-2.859146000009787,5.191125000004831
array-1000/off/profiler-mount,react,array-1000,off,profiler-mount,기록,ms,24,-0.7323734999099543,-3.8751344996671833,2.4273470007137803,false,3538961118,441.7973619993645,442.36215950061523,0,-0.2222519999031647,-2.3878244996212743,0.7323734999099543
array-1000/off/profiler-mount-nogc,react,array-1000,off,profiler-mount-nogc,기록,ms,24,-1.8979924982850207,-7.134469999087742,2.590248002015869,false,3551916968,387.6742620001678,389.53070149973064,0,-3.3960524993017316,0.133415500044066,1.8979924982850207
array-1000/off/profiler-update,react,array-1000,off,profiler-update,기록,ms,24,0.0006290000656008488,-0.01756000009481795,0.019651500040708925,false,2158175528,0.6831889998738916,0.6779115000117599,0,-0.0032345001582143595,0.00942950014177768,0.0006290000656008488
array-1000/off/profiler-update-nogc,react,array-1000,off,profiler-update-nogc,기록,ms,24,-0.001682500158494804,-0.008201000142435078,0.007574999981443398,false,2786604270,0.503569500076992,0.5033539999494678,0,-0.001949999830685556,0.0029694999029743485,0.001682500158494804
array-1000/off/update-active,react,array-1000,off,update-active,판정,ms,24,-0.048353999853134155,-2.6407920122146606,0.39512497186660767,false,3784178547,2.2161040008068085,2.2541664838790894,0,0.006729066371917725,-0.05791604518890381,0.048353999853134155
array-1000/off/update-active-nogc,react,array-1000,off,update-active-nogc,기록,ms,24,-0.009313017129898071,-0.043436527252197266,0.04091653227806091,false,4228772427,1.3986455202102661,1.388770967721939,0,-0.015354007482528687,-0.0062499940395355225,0.009313017129898071
array-1000/off/update-wall,react,array-1000,off,update-wall,판정,ms,24,-0.04527099999904749,-2.7762504999991506,0.3929169999937585,false,2810534041,2.2105214999992313,2.2488539999994828,0,0.008374999997613486,-0.055416999999579275,0.04527099999904749
array-1000/off/update-wall-nogc,react,array-1000,off,update-wall-nogc,기록,ms,24,-0.010916999999608379,-0.043750499993620906,0.04547849999653408,false,2815508597,1.3950205000001006,1.3847499999974389,0,-0.015146000005188398,-0.009604499995475635,0.010916999999608379
array-500/off/commits-mount,react,array-500,off,commits-mount,기록,회,24,0,0,0,false,3855753891,2,2,0,0,0,0
array-500/off/commits-mount-nogc,react,array-500,off,commits-mount-nogc,기록,회,24,0,0,0,false,898723547,2,2,0,0,0,0
array-500/off/commits-update,react,array-500,off,commits-update,기록,회,24,0,0,0,false,957492747,1,1,0,0,0,0
array-500/off/commits-update-nogc,react,array-500,off,commits-update-nogc,기록,회,24,0,0,0,false,2657669475,1,1,0,0,0,0
array-500/off/mount-active,react,array-500,off,mount-active,판정,ms,24,1.0569784825047464,-0.7376875108539025,2.156708497762338,false,2983199037,294.48354100247343,293.3102085157361,0,0.28256247938679735,1.752729018266109,1.0569784825047464
array-500/off/mount-active-nogc,react,array-500,off,mount-active-nogc,기록,ms,24,0.7979999555027462,-1.588374027836835,3.6113329823565437,false,603430209,245.97079200261942,246.5804369811667,0,0.22766646480886266,1.478124478191603,0.7979999555027462
array-500/off/mount-wall,react,array-500,off,mount-wall,판정,ms,24,0.7163750000008804,-1.025312000001577,2.3725210000002335,false,1494828087,296.87085450000177,295.58995849999883,0,0.2798545000014201,1.7388955000014903,0.7163750000008804
array-500/off/mount-wall-nogc,react,array-500,off,mount-wall-nogc,기록,ms,24,0.46335450000333367,-1.803790999998455,3.6271249999990687,false,2841954487,248.05972900000052,248.61854150000363,0,-0.4987504999990051,1.1120834999928775,0.46335450000333367
array-500/off/profiler-mount,react,array-500,off,profiler-mount,기록,ms,24,1.2047874998488624,-0.680233999459233,1.9136685001931255,false,2096945930,227.25033450016417,226.01124550026725,0,0.41956349994416087,1.77361750003638,1.2047874998488624
array-500/off/profiler-mount-nogc,react,array-500,off,profiler-mount-nogc,기록,ms,24,0.4661459993403696,-1.8769350003021827,3.1386779999593273,false,2870699180,191.08555350004826,191.07403849988987,0,-0.12710549969779095,1.612923500204488,0.4661459993403696
array-500/off/profiler-update,react,array-500,off,profiler-update,기록,ms,24,-0.0006294999948295299,-0.00786200001675752,0.003938500030017167,false,2353739908,0.4030015000134881,0.40472549997866736,0,-0.00024500000472471584,-0.0006294999948295299,0.0006294999948295299
array-500/off/profiler-update-nogc,react,array-500,off,profiler-update-nogc,기록,ms,24,0.0030099999748927075,-0.005012000001443084,0.005420499976025894,false,992511650,0.31547249997674953,0.3137950000418641,0,0.003495499971904792,0.0025744999802554958,0.0030099999748927075
array-500/off/update-active,react,array-500,off,update-active,판정,ms,24,-0.017479002475738525,-0.033687978982925415,0.028540492057800293,false,2602124631,3.90310400724411,3.909042000770569,0,-0.0025199949741363525,-0.020875006914138794,0.017479002475738525
array-500/off/update-active-nogc,react,array-500,off,update-active-nogc,기록,ms,24,-0.009707987308502197,-0.09208399057388306,0.03758302330970764,false,3159027671,1.05035400390625,1.0757914781570435,0,-0.014062464237213135,-0.009707987308502197,0.009707987308502197
array-500/off/update-wall,react,array-500,off,update-wall,판정,ms,24,-0.017250500000045577,-0.032312000000274566,0.026542000001427368,false,4291737357,3.898812999999791,3.9042294999999285,0,-0.003312499999992724,-0.02164549999997689,0.017250500000045577
array-500/off/update-wall-nogc,react,array-500,off,update-wall-nogc,기록,ms,24,-0.008207999999285676,-0.09395850000146311,0.029124000007868744,false,2868213681,1.0470834999978251,1.0724374999990687,0,-0.014624499999627005,-0.008207999999285676,0.008207999999285676
array-push-100/off/commits-mount,react,array-push-100,off,commits-mount,기록,회,24,0,0,0,false,1341656048,2,2,0,0,0,0
array-push-100/off/commits-mount-nogc,react,array-push-100,off,commits-mount-nogc,기록,회,24,0,0,0,false,1352238550,2,2,0,0,0,0
array-push-100/off/commits-update,react,array-push-100,off,commits-update,기록,회,24,0,0,0,false,2100909718,100,100,0,0,0,0
array-push-100/off/commits-update-nogc,react,array-push-100,off,commits-update-nogc,기록,회,24,0,0,0,false,304791392,100,100,0,0,0,0
array-push-100/off/mount-active,react,array-push-100,off,mount-active,판정,ms,24,-0.007543008216543967,-0.015791506345294692,0.0019590296751630376,false,3185389864,1.6249580131129733,1.629749969005843,0,-0.007937977166875498,-0.0037495026222131855,0.007543008216543967
array-push-100/off/mount-active-nogc,react,array-push-100,off,mount-active-nogc,기록,ms,24,-0.0053130296191739035,-0.008604005996858177,0.004292949932278134,false,916674798,0.6975204815853431,0.7005624648609228,0,-0.006209493197275151,-0.004980487803550204,0.0053130296191739035
array-push-100/off/mount-wall,react,array-push-100,off,mount-wall,판정,ms,24,-0.007083000000420725,-0.015707999999904132,0.0031869999997979903,false,3438970718,4.13110400000005,4.134270500000184,0,-0.00927099999944403,-0.0055000000004383764,0.007083000000420725
array-push-100/off/mount-wall-nogc,react,array-push-100,off,mount-wall-nogc,기록,ms,24,-0.0062914999998611165,-0.01066649999938818,0.00033350000012433156,false,3523715368,3.2032294999999067,3.2066249999998035,0,-0.0062914999998611165,-0.00629199999912089,0.0062914999998611165
array-push-100/off/profiler-mount,react,array-push-100,off,profiler-mount,기록,ms,24,0.000669500005642476,-0.008313000002772242,0.004490000004807371,false,2841079107,1.196603999999752,1.1986914999988585,0,-0.0013514999934614025,0.0012730000103147177,0.000669500005642476
array-push-100/off/profiler-mount-nogc,react,array-push-100,off,profiler-mount-nogc,기록,ms,24,-0.0038705000033587567,-0.010412000008727773,0.0031129999970289646,false,2505498491,0.4991439999876093,0.50181499998871,0,-0.005120499992699479,-0.0038314999983413145,0.0038705000033587567
array-push-100/off/profiler-update,react,array-push-100,off,profiler-update,기록,ms,24,-0.11555600010910894,-0.33188650004422016,0.22712200001296878,false,3206080811,52.7861524998475,52.984871000032854,0,-0.19065800012731415,-0.079293999954416,0.11555600010910894
array-push-100/off/profiler-update-nogc,react,array-push-100,off,profiler-update-nogc,기록,ms,24,-0.017438499966374366,-0.4243339998365627,0.19757149992346967,false,483720963,41.46840149996024,41.51527249990886,0,-0.13787499969657802,0.15543449998494907,0.017438499966374366
array-push-100/off/update-active,react,array-push-100,off,update-active,판정,ms,24,-0.18039178848266602,-0.7106448411941528,0.32990562915802,false,636982656,108.77606409788177,109.34810537099838,0,-0.29354187846183777,-0.013455182313919067,0.18039178848266602
array-push-100/off/update-active-nogc,react,array-push-100,off,update-active-nogc,기록,ms,24,0.0010159015655517578,-0.8709670305252075,0.5376662611961365,false,3264855558,82.36975127458572,82.4200647175312,0,-0.16452333331108093,0.10384458303451538,0.0010159015655517578
array-push-100/off/update-wall,react,array-push-100,off,update-wall,판정,ms,24,-0.17781249999870852,-0.7016105000043353,0.3439559999969788,false,2082688358,108.7275860000077,109.30058799999597,0,-0.29444050000120114,-0.01083149999840316,0.17781249999870852
array-push-100/off/update-wall-nogc,react,array-push-100,off,update-wall-nogc,기록,ms,24,-0.0004754999945362215,-0.8468939999966096,0.4796420000011494,false,1327073296,82.33160250000037,82.38041699999485,0,-0.15860399998928187,0.10215050000169867,0.0004754999945362215
array-push-remove-100/off/commits-mount,react,array-push-remove-100,off,commits-mount,기록,회,24,0,0,0,false,2783333045,2,2,0,0,0,0
array-push-remove-100/off/commits-mount-nogc,react,array-push-remove-100,off,commits-mount-nogc,기록,회,24,0,0,0,false,22194681,2,2,0,0,0,0
array-push-remove-100/off/commits-update,react,array-push-remove-100,off,commits-update,기록,회,24,0,0,0,false,768249737,200,200,0,0,0,0
array-push-remove-100/off/commits-update-nogc,react,array-push-remove-100,off,commits-update-nogc,기록,회,24,0,0,0,false,2926456261,200,200,0,0,0,0
array-push-remove-100/off/mount-active,react,array-push-remove-100,off,mount-active,판정,ms,24,-0.001749975773236656,-0.009292051498505316,0.013312505813019015,false,1262785335,1.5323755311410423,1.5346045061075984,0,-0.005416982705810369,0.002479453801697673,0.001749975773236656
array-push-remove-100/off/mount-active-nogc,react,array-push-remove-100,off,mount-active-nogc,기록,ms,24,-0.002458500898683269,-0.008333972692526004,0.007165961082137073,false,2890593719,0.6673334862634874,0.6700839703426027,0,-0.003271500770097191,0.00010403614942333661,0.002458500898683269
array-push-remove-100/off/mount-wall,react,array-push-remove-100,off,mount-wall,판정,ms,24,-0.0006460000001879962,-0.008666499999435473,0.010937500000181899,false,1383781613,4.03735450000022,4.039687500000127,0,-0.00633349999998245,0.0001255000004221074,0.0006460000001879962
array-push-remove-100/off/mount-wall-nogc,react,array-push-remove-100,off,mount-wall-nogc,기록,ms,24,-0.0028950000005352194,-0.0100830000019414,0.006729499999892141,false,307213201,3.1753329999992275,3.1775419999976293,0,-0.004312500000196451,-0.0005419999997684499,0.0028950000005352194
array-push-remove-100/off/profiler-mount,react,array-push-remove-100,off,profiler-mount,기록,ms,24,-0.00014550000605595415,-0.007959000003211258,0.010170999994898011,false,1897037276,1.1295065000008435,1.1295415000045068,0,-0.0009225000017067941,0.0006859999975858955,0.00014550000605595415
array-push-remove-100/off/profiler-mount-nogc,react,array-push-remove-100,off,profiler-mount-nogc,기록,ms,24,-0.000578500021219952,-0.005999999995765393,0.0036559999971359503,false,4102193978,0.4874770000033095,0.4888889999992898,0,-0.0029064999871479813,0.00007649998133274494,0.000578500021219952
array-push-remove-100/off/profiler-update,react,array-push-remove-100,off,profiler-update,기록,ms,24,0.0629750001849061,-0.09535599971832198,0.3979230000786629,false,1473646802,61.58932000000368,61.409179500085884,0,0.07561999997642488,0.056157000136863644,0.0629750001849061
array-push-remove-100/off/profiler-update-nogc,react,array-push-remove-100,off,profiler-update-nogc,기록,ms,24,0.24914700066983642,-0.06489400061218475,0.46318299981066957,false,319303284,47.584031999760555,47.47470049997173,0,0.14258600041921454,0.2942735000551693,0.24914700066983642
array-push-remove-100/off/update-active,react,array-push-remove-100,off,update-active,판정,ms,24,0.2632001042363754,-0.6952703595161438,1.173231303691864,false,403426221,162.00404369831085,161.67489743232727,0,-0.24560925364494324,0.3549928665158859,0.2632001042363754
array-push-remove-100/off/update-active-nogc,react,array-push-remove-100,off,update-active-nogc,기록,ms,24,0.13577550649642944,-1.598561853170395,1.4413157403469086,false,1176535249,122.6088510453701,122.56766912341118,0,-0.010203272104263306,0.7787304222583771,0.13577550649642944
array-push-remove-100/off/update-wall,react,array-push-remove-100,off,update-wall,판정,ms,24,0.25463150000996393,-0.6984470000006695,1.1540369999975155,false,39727239,161.92633250000063,161.59125099999892,0,-0.24946000000409185,0.3659985000049346,0.25463150000996393
array-push-remove-100/off/update-wall-nogc,react,array-push-remove-100,off,update-wall-nogc,기록,ms,24,0.13574700000390294,-1.4922949999909179,1.293787999997221,false,2521155623,122.55206149999958,122.50822950000475,0,-0.004957000009198964,0.7775360000086948,0.13574700000390294
array-replace-200/off/commits-mount,react,array-replace-200,off,commits-mount,기록,회,24,0,0,0,false,3848211251,2,2,0,0,0,0
array-replace-200/off/commits-mount-nogc,react,array-replace-200,off,commits-mount-nogc,기록,회,24,0,0,0,false,2963327627,2,2,0,0,0,0
array-replace-200/off/commits-update,react,array-replace-200,off,commits-update,기록,회,24,0,0,0,false,288186459,1,1,0,0,0,0
array-replace-200/off/commits-update-nogc,react,array-replace-200,off,commits-update-nogc,기록,회,24,0,0,0,false,4048641683,1,1,0,0,0,0
array-replace-200/off/mount-active,react,array-replace-200,off,mount-active,판정,ms,24,0.000979472582002927,-0.0060215420530767005,0.023416999486926215,false,4000739245,1.8443755064377,1.8417505402012466,0,0.0015214822656162141,0.000979472582002927,0.000979472582002927
array-replace-200/off/mount-active-nogc,react,array-replace-200,off,mount-active-nogc,기록,ms,24,-0.00016703653272998054,-0.007958504859743698,0.005376061255446984,false,685206737,0.8259164987166514,0.8251879948102214,0,0.0036874667694064556,-0.0020419959091668716,0.00016703653272998054
array-replace-200/off/mount-wall,react,array-replace-200,off,mount-wall,판정,ms,24,0.004625499999747262,-0.01170849999971324,0.024166000000150234,false,2427925639,4.351916500000243,4.34985450000022,0,0.009978999999930238,0.0014795000001868175,0.004625499999747262
array-replace-200/off/mount-wall-nogc,react,array-replace-200,off,mount-wall-nogc,기록,ms,24,-0.00035399999978835694,-0.00668749999931606,0.008499999999912689,false,1345311783,3.304874999999811,3.3061665000004723,0,-0.0015825000000404543,-0.00035399999978835694,0.00035399999978835694
array-replace-200/off/profiler-mount,react,array-replace-200,off,profiler-mount,기록,ms,24,-0.000019000004158442607,-0.007804999991094519,0.010869500003991561,false,4153967386,1.267399999999725,1.2660624999971333,0,0.003293499997653271,-0.0003754999997909181,0.000019000004158442607
array-replace-200/off/profiler-mount-nogc,react,array-replace-200,off,profiler-mount-nogc,기록,ms,24,-0.0004959999869242893,-0.008814999982860172,0.008768999990024895,false,391627740,0.587626999994427,0.5859399999953894,0,0.00004300000182411168,-0.0004959999869242893,0.0004959999869242893
array-replace-200/off/profiler-update,react,array-replace-200,off,profiler-update,기록,ms,24,0.6240244999426068,-0.31773850013405536,1.6149715000569813,false,3580289364,89.66965450017778,89.00558099988848,0,0.5730889999140345,0.7975800001254356,0.6240244999426068
array-replace-200/off/profiler-update-nogc,react,array-replace-200,off,profiler-update-nogc,기록,ms,24,0.2789690000099654,-0.11940099992170872,0.6736100001280647,false,3801308498,73.33180449985593,72.97437500003798,0,0.03658200002973899,0.5443450001394012,0.2789690000099654
array-replace-200/off/update-active,react,array-replace-200,off,update-active,판정,ms,24,0.7726250290870667,-0.11237496137619019,1.6750829815864563,false,1959007943,117.02093747258186,115.84279149770737,0,0.5803545117378235,0.8288960158824921,0.7726250290870667
array-replace-200/off/update-active-nogc,react,array-replace-200,off,update-active-nogc,기록,ms,24,0.4051454961299896,-0.40220800042152405,1.285000503063202,false,2357042407,94.57460451126099,94.04639545083046,0,0.2522915005683899,0.6801460385322571,0.4051454961299896
array-replace-200/off/update-wall,react,array-replace-200,off,update-wall,판정,ms,24,0.7725630000004458,-0.11583299999983865,1.755083000000468,false,831753053,117.01683299999922,115.83760449999863,0,0.58014650000041,0.8286885000006805,0.7725630000004458
array-replace-200/off/update-wall-nogc,react,array-replace-200,off,update-wall-nogc,기록,ms,24,0.4054794999992737,-0.40197900000021036,1.144666000001962,false,2537707873,94.57045800000105,94.04216649999944,0,0.2521869999991395,0.6802709999992658,0.4054794999992737
computed-visible-derived/off/commits-mount,react,computed-visible-derived,off,commits-mount,기록,회,24,0,0,0,false,379913870,2,2,0,0,0,0
computed-visible-derived/off/commits-mount-nogc,react,computed-visible-derived,off,commits-mount-nogc,기록,회,24,0,0,0,false,2540659640,2,2,0,0,0,0
computed-visible-derived/off/commits-update,react,computed-visible-derived,off,commits-update,기록,회,24,0,0,0,false,548272024,3,3,0,0,0,0
computed-visible-derived/off/commits-update-nogc,react,computed-visible-derived,off,commits-update-nogc,기록,회,24,0,0,0,false,1311987966,3,3,0,0,0,0
computed-visible-derived/off/mount-active,react,computed-visible-derived,off,mount-active,판정,ms,24,-0.006625524887112988,-0.05287505828482608,0.015082964126690968,false,3586329294,2.3385409959831236,2.3589380429153834,0,-0.0007715167808441947,-0.006811992406852596,0.006625524887112988
computed-visible-derived/off/mount-active-nogc,react,computed-visible-derived,off,mount-active-nogc,기록,ms,24,-0.008959527179683846,-0.020750007446281415,0.016915931518497018,false,2729502840,1.0297290131130126,1.0399585134982772,0,-0.011250497468893172,-0.0026254949016220053,0.008959527179683846
computed-visible-derived/off/mount-wall,react,computed-visible-derived,off,mount-wall,판정,ms,24,-0.0036870000000135406,-0.0512500000000955,0.014062500000022737,false,2048833768,4.842374999999947,4.86304199999995,0,0.0003540000000157306,-0.005520999999987453,0.0036870000000135406
computed-visible-derived/off/mount-wall-nogc,react,computed-visible-derived,off,mount-wall-nogc,기록,ms,24,-0.015374999999949068,-0.027916000000004715,0.022582999999940512,false,4177360942,3.5263744999999744,3.535958500000106,0,-0.00883350000003702,-0.016479000000003907,0.015374999999949068
computed-visible-derived/off/profiler-mount,react,computed-visible-derived,off,profiler-mount,기록,ms,24,-0.00960800000046902,-0.03193749999974216,0.009868000000324173,false,768855777,1.8383395000000746,1.8533434999997098,0,-0.003444499999773143,-0.013538500000606746,0.00960800000046902
computed-visible-derived/off/profiler-mount-nogc,react,computed-visible-derived,off,profiler-mount-nogc,기록,ms,24,-0.006621500000164815,-0.012935500001617584,0.02016799999785235,false,4241458013,0.8066074999987904,0.8151464999981499,0,-0.010009500001615379,-0.003246999998168576,0.006621500000164815
computed-visible-derived/off/profiler-update,react,computed-visible-derived,off,profiler-update,기록,ms,24,-0.0029645000003029054,-0.009684499999877971,0.0028270000004795293,false,208652069,0.47340349999979026,0.47662899999988895,0,-0.004844500000331209,-0.0015414999999734391,0.0029645000003029054
computed-visible-derived/off/profiler-update-nogc,react,computed-visible-derived,off,profiler-update-nogc,기록,ms,24,-0.0010329999998930361,-0.008477999999968233,0.0037510000003067034,false,1602370569,0.3377390000016476,0.3391719999991665,0,-0.0016015000024935944,-0.0010329999998930361,0.0010329999998930361
computed-visible-derived/off/update-active,react,computed-visible-derived,off,update-active,판정,ms,24,-0.011396586894960592,-0.03622901439666748,0.014043033123016357,false,1607089818,1.4626249969005585,1.4825630187988281,0,-0.012730091810198019,-0.007918000221252441,0.011396586894960592
computed-visible-derived/off/update-active-nogc,react,computed-visible-derived,off,update-active-nogc,기록,ms,24,-0.010000556707382202,-0.01872950792312622,0.007624626159667969,false,2428114524,0.9570000171661377,0.9616250097751617,0,-0.0006250441074371338,-0.014208972454071045,0.010000556707382202
computed-visible-derived/off/update-wall,react,computed-visible-derived,off,update-wall,판정,ms,24,-0.011708999999939351,-0.027749999999969077,0.012687500000140517,false,1230204644,1.4595199999999409,1.479520999999977,0,-0.01400150000006306,-0.007229499999880318,0.011708999999939351
computed-visible-derived/off/update-wall-nogc,react,computed-visible-derived,off,update-wall-nogc,기록,ms,24,-0.010103999999955704,-0.018666999999936706,0.007374999999683496,false,3882427906,0.9556460000001152,0.9603539999999384,0,-0.0006664999998520216,-0.014271000000007916,0.010103999999955704
flat-100/off/commits-mount,react,flat-100,off,commits-mount,기록,회,24,0,0,0,false,459114595,2,2,0,0,0,0
flat-100/off/commits-mount-nogc,react,flat-100,off,commits-mount-nogc,기록,회,24,0,0,0,false,1681252891,2,2,0,0,0,0
flat-100/off/commits-update,react,flat-100,off,commits-update,기록,회,24,0,0,0,false,1216049867,10,10,0,0,0,0
flat-100/off/commits-update-nogc,react,flat-100,off,commits-update-nogc,기록,회,24,0,0,0,false,4012154787,10,10,0,0,0,0
flat-100/off/mount-active,react,flat-100,off,mount-active,판정,ms,24,-0.04535499790972608,-0.14333294057860257,0.14356352771176262,false,163732733,13.606042004585333,13.608228970912933,0,-0.041876015552702484,-0.06685398006453624,0.04535499790972608
flat-100/off/mount-active-nogc,react,flat-100,off,mount-active-nogc,기록,ms,24,0.034500487089189846,-0.04274999046310768,0.11583298631853722,false,2403458945,10.775084004402288,10.739082985071036,0,0.022583481128549465,0.0363124906102712,0.034500487089189846
flat-100/off/mount-wall,react,flat-100,off,mount-wall,판정,ms,24,-0.03116699999998218,-0.17039499999998498,0.13012500000002092,false,1409844215,16.081749999999943,16.079958499999975,0,0.005020499999886852,-0.07406249999996817,0.03116699999998218
flat-100/off/mount-wall-nogc,react,flat-100,off,mount-wall-nogc,기록,ms,24,0.0008744999997816194,-0.06885399999987385,0.10445799999979499,false,1612217591,12.013167000000067,11.990937499999973,0,-0.000562499999659849,0.0008744999997816194,0.0008744999997816194
flat-100/off/profiler-mount,react,flat-100,off,profiler-mount,기록,ms,24,-0.06487249998815514,-0.16715450000583587,0.0704845000008163,false,2491279818,11.371250000005489,11.372543000001428,0,-0.03789499999095369,-0.07835849999798938,0.06487249998815514
flat-100/off/profiler-mount-nogc,react,flat-100,off,profiler-mount-nogc,기록,ms,24,0.01584599999478087,-0.0534249999898293,0.07624949999171804,false,2231215084,7.905495499999233,7.867384000013317,0,0.06182999999214189,0.00023800001144991256,0.01584599999478087
flat-100/off/profiler-update,react,flat-100,off,profiler-update,기록,ms,24,-0.003702000001453598,-0.022062000001994875,0.013525999999501437,false,157664836,0.7444735000044602,0.7530670000044211,0,0.0018265000056771896,-0.014348999997537248,0.003702000001453598
flat-100/off/profiler-update-nogc,react,flat-100,off,profiler-update-nogc,기록,ms,24,0.00239249999731328,-0.005184000000554079,0.00886600000103499,false,3085988322,0.5573315000001458,0.555263999996896,0,0.0034235000064199994,0.00239249999731328,0.00239249999731328
flat-100/off/update-active,react,flat-100,off,update-active,판정,ms,24,0.011750966310501099,-0.03445795178413391,0.02810606360435486,false,259840279,2.643061012029648,2.654665470123291,0,0.022022008895874023,-0.008479088544845581,0.011750966310501099
flat-100/off/update-active-nogc,react,flat-100,off,update-active-nogc,기록,ms,24,0.007603347301483154,-0.005082964897155762,0.0328766405582428,false,3693316887,1.9755215048789978,1.9677909314632416,0,0.019126057624816895,0.004146784543991089,0.007603347301483154
flat-100/off/update-wall,react,flat-100,off,update-wall,판정,ms,24,0.012398000000075626,-0.031166999998959,0.022875000000112777,false,3029297869,2.638644500000055,2.6495420000001104,0,0.021645000000034997,-0.008604500000387816,0.012398000000075626
flat-100/off/update-wall-nogc,react,flat-100,off,update-wall-nogc,기록,ms,24,0.007227500000226428,-0.004124999999021384,0.03320899999903304,false,2984018929,1.9723749999996016,1.9648955000006936,0,0.018542999999908716,0.003748500000256172,0.007227500000226428
flat-50/off/commits-mount,react,flat-50,off,commits-mount,기록,회,24,0,0,0,false,3150662319,2,2,0,0,0,0
flat-50/off/commits-mount-nogc,react,flat-50,off,commits-mount-nogc,기록,회,24,0,0,0,false,2354770447,2,2,0,0,0,0
flat-50/off/commits-update,react,flat-50,off,commits-update,기록,회,24,0,0,0,false,1124991511,10,10,0,0,0,0
flat-50/off/commits-update-nogc,react,flat-50,off,commits-update-nogc,기록,회,24,0,0,0,false,622118423,10,10,0,0,0,0
flat-50/off/mount-active,react,flat-50,off,mount-active,판정,ms,24,-0.011977998641953036,-0.036790996662148245,0.05439550304407703,false,4167019993,7.537645513681355,7.546833000091624,0,0.003873484960593032,-0.015185973754910265,0.011977998641953036
flat-50/off/mount-active-nogc,react,flat-50,off,mount-active-nogc,기록,ms,24,-0.02523095814910903,-0.3007510176428241,0.08800004309841825,false,168613173,5.331521014928853,5.38987552631761,0,0.010645520650768958,-0.0995009374980782,0.02523095814910903
flat-50/off/mount-wall,react,flat-50,off,mount-wall,판정,ms,24,0.017937000000017633,-0.04456199999998489,0.07533399999999801,false,4115723299,10.029833499999995,10.01797849999997,0,0.04168750000002319,-0.009333000000026459,0.017937000000017633
flat-50/off/mount-wall-nogc,react,flat-50,off,mount-wall-nogc,기록,ms,24,0.004436500000338128,-0.06470900000022084,0.08235400000000936,false,3653600091,7.365916500000026,7.358270500000003,0,-0.011354499999811196,0.01885299999992185,0.004436500000338128
flat-50/off/profiler-mount,react,flat-50,off,profiler-mount,기록,ms,24,-0.009226999996371887,-0.06345700000770194,0.03409899999655863,false,2060461758,6.348636999998121,6.35265399999912,0,0.004773500001533648,-0.02234749999615815,0.009226999996371887
flat-50/off/profiler-mount-nogc,react,flat-50,off,profiler-mount-nogc,기록,ms,24,-0.026568000004203896,-0.054408999999395746,0.024450500004036257,false,1641954184,4.125262500006784,4.136820500003296,0,-0.026952999998229643,-0.02152450000767203,0.026568000004203896
flat-50/off/profiler-update,react,flat-50,off,profiler-update,기록,ms,24,-0.0029844999995702892,-0.016682999999602544,0.01067799999594854,false,2413391752,0.7480144999994991,0.7515690000005861,0,-0.003438499999333544,-0.0009260000015842706,0.0029844999995702892
flat-50/off/profiler-update-nogc,react,flat-50,off,profiler-update-nogc,기록,ms,24,-0.002115500002787485,-0.007385000008980569,0.006204000002981047,false,1054933710,0.4796304999997574,0.47723600000085753,0,-0.002115500002787485,-0.001919000002658322,0.002115500002787485
flat-50/off/update-active,react,flat-50,off,update-active,판정,ms,24,-0.001977086067199707,-0.030917882919311523,0.033165156841278076,false,2186597459,2.5255215167999268,2.533313512802124,0,-0.012519985437393188,0.023062020540237427,0.001977086067199707
flat-50/off/update-active-nogc,react,flat-50,off,update-active-nogc,기록,ms,24,0.014041483402252197,-0.027814000844955444,0.025289535522460938,false,2197239979,1.7233119308948517,1.7232296466827393,0,0.01676955819129944,0.01297953724861145,0.014041483402252197
flat-50/off/update-wall,react,flat-50,off,update-wall,판정,ms,24,-0.002187000000049011,-0.031833999999889784,0.03379200000040328,false,865362809,2.521500500000002,2.5289174999999773,0,-0.013249500000142689,0.023395999999706873,0.002187000000049011
flat-50/off/update-wall-nogc,react,flat-50,off,update-wall-nogc,기록,ms,24,0.013164499999561485,-0.026625000000422006,0.022833499999705964,false,3027887445,1.7207085000000006,1.7194785000003776,0,0.016500000000064574,0.012602500000184591,0.013164499999561485
flat-500/off/commits-mount,react,flat-500,off,commits-mount,기록,회,24,0,0,0,false,1192935039,2,2,0,0,0,0
flat-500/off/commits-mount-nogc,react,flat-500,off,commits-mount-nogc,기록,회,24,0,0,0,false,2970759103,2,2,0,0,0,0
flat-500/off/commits-update,react,flat-500,off,commits-update,기록,회,24,0,0,0,false,2881489959,10,10,0,0,0,0
flat-500/off/commits-update-nogc,react,flat-500,off,commits-update-nogc,기록,회,24,0,0,0,false,2515369799,10,10,0,0,0,0
flat-500/off/mount-active,react,flat-500,off,mount-active,판정,ms,24,0.056375480835185954,-0.6440000213856365,0.4613755304812912,false,4135021769,67.46720850485963,67.47010400629028,0,0.2052720219890034,-0.1441460474093219,0.056375480835185954
flat-500/off/mount-active-nogc,react,flat-500,off,mount-active-nogc,기록,ms,24,-0.07958401269206661,-0.3120819843370555,0.8803130186151975,false,741577861,53.118457537375434,53.04939598411693,0,0.2962914536556127,-0.17529248875780468,0.07958401269206661
flat-500/off/mount-wall,react,flat-500,off,mount-wall,판정,ms,24,-0.19675049999978,-0.5881670000007944,0.5008749999999509,false,3089409843,69.88668750000011,69.87529199999972,0,0.2706449999996039,-0.3312294999996084,0.19675049999978
flat-500/off/mount-wall-nogc,react,flat-500,off,mount-wall-nogc,기록,ms,24,-0.0018124999996871338,-0.49304250000113825,0.6485204999999041,false,3479871115,55.07210400000076,54.928249999999935,0,0.114709500000572,-0.2571254999993471,0.0018124999996871338
flat-500/off/profiler-mount,react,flat-500,off,profiler-mount,기록,ms,24,0.03543250005054688,-0.46345500001370965,0.4943394999534121,false,1582038990,56.37100799998029,56.31000199998698,0,0.1553845000257752,0.03543250005054688,0.03543250005054688
flat-500/off/profiler-mount-nogc,react,flat-500,off,profiler-mount-nogc,기록,ms,24,0.0791299998836621,-0.5618460000696359,0.8241889999244449,false,1911981944,43.232083000038074,43.054042000031586,0,0.1410009999644899,-0.1190335000765117,0.0791299998836621
flat-500/off/profiler-update,react,flat-500,off,profiler-update,기록,ms,24,-0.0032639999672028353,-0.014949499967769952,0.015528500019854619,false,2470210520,1.333137500006842,1.3336140000326395,0,-0.005494499990845725,0.0026239999801873637,0.0032639999672028353
flat-500/off/profiler-update-nogc,react,flat-500,off,profiler-update-nogc,기록,ms,24,-0.0007449999657183071,-0.012803999941752409,0.017924999982824374,false,2319157950,0.9061329999331065,0.9010839999282325,0,0.007771500031594769,-0.008461500026896829,0.0007449999657183071
flat-500/off/update-active,react,flat-500,off,update-active,판정,ms,24,-0.019812583923339844,-0.0888749361038208,0.07868903875350952,false,3221249155,6.978749990463257,7.000187039375305,0,-0.047958970069885254,0.03022855520248413,0.019812583923339844
flat-500/off/update-active-nogc,react,flat-500,off,update-active-nogc,기록,ms,24,0.036708444356918335,-0.03418847918510437,0.11510404944419861,false,1021516347,3.376396954059601,3.3252499997615814,0,0.09177163243293762,-0.001500546932220459,0.036708444356918335
flat-500/off/update-wall,react,flat-500,off,update-wall,판정,ms,24,-0.022980499998993764,-0.09070799999949486,0.07116599999881146,false,1283938761,6.972124499999836,6.992373999999472,0,-0.04614750000132517,0.030915999999251653,0.022980499998993764
flat-500/off/update-wall-nogc,react,flat-500,off,update-wall-nogc,기록,ms,24,0.03635450000183482,-0.026293000002624467,0.10937900000499212,false,3222281093,3.372853999999279,3.3218759999999747,0,0.09170900000390247,-0.0018344999998589628,0.03635450000183482
nested-d3-f4/off/commits-mount,react,nested-d3-f4,off,commits-mount,기록,회,24,0,0,0,false,3102923966,2,2,0,0,0,0
nested-d3-f4/off/commits-mount-nogc,react,nested-d3-f4,off,commits-mount-nogc,기록,회,24,0,0,0,false,281599368,2,2,0,0,0,0
nested-d3-f4/off/commits-update,react,nested-d3-f4,off,commits-update,기록,회,24,0,0,0,false,1618866568,10,10,0,0,0,0
nested-d3-f4/off/commits-update-nogc,react,nested-d3-f4,off,commits-update-nogc,기록,회,24,0,0,0,false,2587756750,10,10,0,0,0,0
nested-d3-f4/off/mount-active,react,nested-d3-f4,off,mount-active,판정,ms,24,-0.007124020210085291,-0.03545700322729317,0.05743549163628359,false,137230174,11.513312017257704,11.527437499578525,0,0.030165004125535688,-0.027291986905936483,0.007124020210085291
nested-d3-f4/off/mount-active-nogc,react,nested-d3-f4,off,mount-active-nogc,기록,ms,24,0.02645698296134924,-0.1689150032825637,0.22604148840900962,false,1044771112,7.979312511114131,8.005396504915325,0,-0.03589704922501369,0.04845804509716345,0.02645698296134924
nested-d3-f4/off/mount-wall,react,nested-d3-f4,off,mount-wall,판정,ms,24,0.008937000000059925,-0.08858249999991585,0.05474999999978536,false,2705801688,13.992874999999913,14.001021000000037,0,0.03860399999996389,-0.01595750000001317,0.008937000000059925
nested-d3-f4/off/mount-wall-nogc,react,nested-d3-f4,off,mount-wall-nogc,기록,ms,24,0.0046455000001515145,-0.10783349999974234,0.08077099999991333,false,3621162174,10.328791499999852,10.333916999999929,0,-0.023208500000009735,0.011874500000430999,0.0046455000001515145
nested-d3-f4/off/profiler-mount,react,nested-d3-f4,off,profiler-mount,기록,ms,24,0.013902000011626114,-0.07196999999905529,0.036451999998689644,false,2223035729,9.419212500004278,9.427734000000669,0,0.028022500010820295,-0.03454250000004322,0.013902000011626114
nested-d3-f4/off/profiler-mount-nogc,react,nested-d3-f4,off,profiler-mount-nogc,기록,ms,24,-0.005114499997944222,-0.08215600000085033,0.06360099999028535,false,2946477101,6.460229500000196,6.480562000011105,0,-0.025218500000164568,0.008315000006405171,0.005114499997944222
nested-d3-f4/off/profiler-update,react,nested-d3-f4,off,profiler-update,기록,ms,24,0.00097000000278058,-0.006870000009598698,0.019254999994927857,false,2632865493,1.0051459999993995,1.003394000001208,0,0.003431500001170207,0.00097000000278058,0.00097000000278058
nested-d3-f4/off/profiler-update-nogc,react,nested-d3-f4,off,profiler-update-nogc,기록,ms,24,0.0026445000116837036,-0.011949999991884397,0.013766000001169232,false,891756825,0.6755159999991065,0.6762719999962883,0,0.003615500000478278,0.0014145000013741083,0.0026445000116837036
nested-d3-f4/off/update-active,react,nested-d3-f4,off,update-active,판정,ms,24,0.013229459524154663,-0.01102149486541748,0.042793214321136475,false,2934618922,3.0157914757728577,3.0102489292621613,0,0.00729253888130188,0.019332945346832275,0.013229459524154663
nested-d3-f4/off/update-active-nogc,react,nested-d3-f4,off,update-active-nogc,기록,ms,24,-0.0063550472259521484,-0.04500001668930054,0.019919872283935547,false,2657584972,2.1275625228881836,2.1314785480499268,0,-0.0063550472259521484,-0.01710495352745056,0.0063550472259521484
nested-d3-f4/off/update-wall,react,nested-d3-f4,off,update-wall,판정,ms,24,0.014790500000003703,-0.011041499999919324,0.04066900000009355,false,2501241044,3.0119390000002113,3.0065210000001343,0,0.007625499999790009,0.02091700000005403,0.014790500000003703
nested-d3-f4/off/update-wall-nogc,react,nested-d3-f4,off,update-wall-nogc,기록,ms,24,-0.006292000000257758,-0.046853499999770065,0.02122849999977916,false,1417319378,2.1236875000004147,2.128562999999758,0,-0.006292000000257758,-0.017437499999914507,0.006292000000257758
nested-d5-f4/off/commits-mount,react,nested-d5-f4,off,commits-mount,기록,회,24,0,0,0,false,1820461752,2,2,0,0,0,0
nested-d5-f4/off/commits-mount-nogc,react,nested-d5-f4,off,commits-mount-nogc,기록,회,24,0,0,0,false,419255454,2,2,0,0,0,0
nested-d5-f4/off/commits-update,react,nested-d5-f4,off,commits-update,기록,회,24,0,0,0,false,3852852062,10,10,0,0,0,0
nested-d5-f4/off/commits-update-nogc,react,nested-d5-f4,off,commits-update-nogc,기록,회,24,0,0,0,false,3973356840,10,10,0,0,0,0
nested-d5-f4/off/mount-active,react,nested-d5-f4,off,mount-active,판정,ms,24,-0.8149374511240239,-3.495166494388286,0.6581669676315869,false,1769111728,187.16177100882214,188.40287451692802,0,-1.2530004811651452,-0.4070199721609242,0.8149374511240239
nested-d5-f4/off/mount-active-nogc,react,nested-d5-f4,off,mount-active-nogc,기록,ms,24,-0.4516884558561287,-1.9393749828304863,0.5171254712968221,false,2047552534,148.2128329624211,148.82191698578572,0,-0.6765425260437041,-0.4516884558561287,0.4516884558561287
nested-d5-f4/off/mount-wall,react,nested-d5-f4,off,mount-wall,판정,ms,24,-0.5868955000014466,-2.2518955000005008,0.6441660000000411,false,2622274742,189.62197899999956,190.8055830000003,0,-1.1125415000005887,-0.14987449999716773,0.5868955000014466
nested-d5-f4/off/mount-wall-nogc,react,nested-d5-f4,off,mount-wall-nogc,기록,ms,24,-0.48081249999995634,-2.0418119999994815,0.8286664999977802,false,2108710144,150.128999999999,150.71420799999942,0,-1.0061879999993835,-0.20095800000308373,0.48081249999995634
nested-d5-f4/off/profiler-mount,react,nested-d5-f4,off,profiler-mount,기록,ms,24,-0.760238500048672,-3.031698000018878,0.2725024997471337,false,1429467819,141.0327720001078,142.21259550015475,0,-1.5206969999999274,-0.2638749999182437,0.760238500048672
nested-d5-f4/off/profiler-mount-nogc,react,nested-d5-f4,off,profiler-mount-nogc,기록,ms,24,0.03715500034923025,-1.4513409992250672,0.851833000073384,false,630176643,113.45063400010986,114.01217150022785,0,-0.8717040000155976,0.3764935001199774,0.03715500034923025
nested-d5-f4/off/profiler-update,react,nested-d5-f4,off,profiler-update,기록,ms,24,-0.01563850002548861,-0.04444150004474068,0.003135999993446603,false,2440445651,1.5011409999306125,1.5186035000101583,0,-0.02746899998646768,-0.002188499996009341,0.01563850002548861
nested-d5-f4/off/profiler-update-nogc,react,nested-d5-f4,off,profiler-update-nogc,기록,ms,24,-0.012135500021031476,-0.024880500033759745,0.016291999876557384,false,3346323499,0.9536700000244309,0.95691500000612,0,-0.01891949991841102,0.005841000011059805,0.012135500021031476
nested-d5-f4/off/update-active,react,nested-d5-f4,off,update-active,판정,ms,24,-0.029584020376205444,-0.09650397300720215,0.017913103103637695,false,3404007752,6.459249973297119,6.497352957725525,0,-0.06060606241226196,0.006063640117645264,0.029584020376205444
nested-d5-f4/off/update-active-nogc,react,nested-d5-f4,off,update-active-nogc,기록,ms,24,-0.03216660022735596,-0.16112351417541504,0.09583359956741333,false,837142286,3.0652715265750885,3.110916405916214,0,-0.026977837085723877,-0.03216660022735596,0.03216660022735596
nested-d5-f4/off/update-wall,react,nested-d5-f4,off,update-wall,판정,ms,24,-0.03225050000310148,-0.10023199999523058,0.017647500005296024,false,3837718142,6.451332500000262,6.488854000000174,0,-0.05970650000654132,0.006917500006238697,0.03225050000310148
nested-d5-f4/off/update-wall-nogc,react,nested-d5-f4,off,update-wall-nogc,기록,ms,24,-0.031771499998285435,-0.16075050000290503,0.09584999999606225,false,1047064776,3.0615840000045864,3.1072500000027503,0,-0.026751000003059744,-0.031771499998285435,0.031771499998285435
oneOf-10/off/commits-mount,react,oneOf-10,off,commits-mount,기록,회,24,0,0,0,false,1883457859,2,2,0,0,0,0
oneOf-10/off/commits-mount-nogc,react,oneOf-10,off,commits-mount-nogc,기록,회,24,0,0,0,false,151221115,2,2,0,0,0,0
oneOf-10/off/commits-update,react,oneOf-10,off,commits-update,기록,회,24,0,0,0,false,3831774507,2,2,0,0,0,0
oneOf-10/off/commits-update-nogc,react,oneOf-10,off,commits-update-nogc,기록,회,24,0,0,0,false,897710851,2,2,0,0,0,0
oneOf-10/off/mount-active,react,oneOf-10,off,mount-active,판정,ms,24,-0.009562512691502434,-0.04433397733293987,0.010377004219037644,false,4164467037,3.298041495470045,3.326896513736699,0,-0.00481251823043749,-0.036560969665515586,0.009562512691502434
oneOf-10/off/mount-active-nogc,react,oneOf-10,off,mount-active-nogc,기록,ms,24,-0.01695855250744671,-0.03812597758849279,0.013667471866540382,false,3101057889,1.494855014452014,1.5106665136814286,0,0.001480016983009591,-0.01785404706004101,0.01695855250744671
oneOf-10/off/mount-wall,react,oneOf-10,off,mount-wall,판정,ms,24,-0.02333349999986467,-0.05922850000001745,0.007021000000008826,false,1381834071,5.797104000000047,5.825708499999962,0,-0.014749999999935426,-0.039853999999991174,0.02333349999986467
oneOf-10/off/mount-wall-nogc,react,oneOf-10,off,mount-wall-nogc,기록,ms,24,-0.011666999999988548,-0.03814600000009705,0.010916500000007545,false,232814551,3.970707999999945,3.9783955000000333,0,-0.002083500000026106,-0.02393799999993007,0.011666999999988548
oneOf-10/off/profiler-mount,react,oneOf-10,off,profiler-mount,기록,ms,24,-0.02009999999830825,-0.04473549999795523,0.009552999999868916,false,1115199146,2.7719795000002705,2.794062500000166,0,-0.010911499999622265,-0.04145099999806234,0.02009999999830825
oneOf-10/off/profiler-mount-nogc,react,oneOf-10,off,profiler-mount-nogc,기록,ms,24,-0.01184150000142381,-0.030543000000761822,0.0029930000014246616,false,2346072524,1.2355080000010048,1.2465860000025941,0,-0.010049499998331157,-0.013511500001527565,0.01184150000142381
oneOf-10/off/profiler-update,react,oneOf-10,off,profiler-update,기록,ms,24,-0.01433350000019118,-0.034217500000693235,0.003593000000535085,false,2673456804,0.9958085000000096,1.0071710000001417,0,-0.010192999999674157,-0.01713350000028413,0.01433350000019118
oneOf-10/off/profiler-update-nogc,react,oneOf-10,off,profiler-update-nogc,기록,ms,24,-0.005710999999678279,-0.014996999999993932,0.006352500001753469,false,2190790722,0.7362919999980022,0.7392965000012737,0,-0.004264000000830492,-0.008321000002297296,0.005710999999678279
oneOf-10/off/update-active,react,oneOf-10,off,update-active,판정,ms,24,-0.030749022960662842,-0.10704201459884644,0.016270965337753296,false,946931703,2.888729006052017,2.92316597700119,0,-0.022416025400161743,-0.04814597964286804,0.030749022960662842
oneOf-10/off/update-active-nogc,react,oneOf-10,off,update-active-nogc,기록,ms,24,-0.011895954608917236,-0.04110497236251831,0.01624956727027893,false,1951467767,1.7494380176067352,1.759562999010086,0,-0.011895954608917236,-0.014376014471054077,0.011895954608917236
oneOf-10/off/update-wall,react,oneOf-10,off,update-wall,판정,ms,24,-0.03022850000007793,-0.12060349999995879,0.017374500000016724,false,891118509,2.8865204999999605,2.92089500000003,0,-0.022146499999962543,-0.04785399999997253,0.03022850000007793
oneOf-10/off/update-wall-nogc,react,oneOf-10,off,update-wall-nogc,기록,ms,24,-0.011812999999960994,-0.04135449999978391,0.014937000000259104,false,1940867281,1.7478124999998954,1.758271000000036,0,-0.011812999999960994,-0.014520999999945161,0.011812999999960994
oneOf-20/off/commits-mount,react,oneOf-20,off,commits-mount,기록,회,24,0,0,0,false,1481920688,2,2,0,0,0,0
oneOf-20/off/commits-mount-nogc,react,oneOf-20,off,commits-mount-nogc,기록,회,24,0,0,0,false,3233586198,2,2,0,0,0,0
oneOf-20/off/commits-update,react,oneOf-20,off,commits-update,기록,회,24,0,0,0,false,2699886934,2,2,0,0,0,0
oneOf-20/off/commits-update-nogc,react,oneOf-20,off,commits-update-nogc,기록,회,24,0,0,0,false,530903200,2,2,0,0,0,0
oneOf-20/off/mount-active,react,oneOf-20,off,mount-active,판정,ms,24,0.026541967006721734,-0.013624030590051461,0.0481039917469559,false,1325125352,3.9755830129299454,3.941520002805703,0,0.027584003246317934,0.0030835446396224597,0.026541967006721734
oneOf-20/off/mount-active-nogc,react,oneOf-20,off,mount-active-nogc,기록,ms,24,0.019500481403383674,0.0024160216407835833,0.037416007041997545,true,3363781166,1.9579375227965556,1.93799998393456,0,0.036166020778807706,0.003124513626062253,0.019500481403383674
oneOf-20/off/mount-wall,react,oneOf-20,off,mount-wall,판정,ms,24,0.013333499999987453,-0.006498999999962507,0.05649999999991451,false,3884345886,6.466770500000052,6.43597950000003,0,0.04314599999992197,0.005729000000030737,0.013333499999987453
oneOf-20/off/mount-wall-nogc,react,oneOf-20,off,mount-wall-nogc,기록,ms,24,0.00941699999998491,-0.05512500000008913,0.06025000000011005,false,964520296,4.434249499999964,4.417645499999935,0,0.04304150000007212,-0.014062500000022737,0.00941699999998491
oneOf-20/off/profiler-mount,react,oneOf-20,off,profiler-mount,기록,ms,24,0.022049499999070576,-0.012561000000914646,0.04920200000105979,false,2959924995,3.4510334999991983,3.418813499998919,0,0.042995500000131415,0.0026855000002683482,0.022049499999070576
oneOf-20/off/profiler-mount-nogc,react,oneOf-20,off,profiler-mount-nogc,기록,ms,24,0.016017999998780397,-0.037835999999288106,0.03365650000216647,false,2570846651,1.6599624999983007,1.6518514999992249,0,0.03229350000128761,-0.010885500000313186,0.016017999998780397
oneOf-20/off/profiler-update,react,oneOf-20,off,profiler-update,기록,ms,24,0.013679499999398104,0.0019355000003429268,0.03413849999952845,true,3400080875,1.0163815000005343,0.9992884999999205,0,0.018932999999833555,0.005082999999729054,0.013679499999398104
oneOf-20/off/profiler-update-nogc,react,oneOf-20,off,profiler-update-nogc,기록,ms,24,-0.005182999997487059,-0.01222600000141938,0.017000000000962245,false,4111880771,0.7562979999992194,0.7520829999982652,0,0.0016640000025063273,-0.009320500000967513,0.005182999997487059
oneOf-20/off/update-active,react,oneOf-20,off,update-active,판정,ms,24,0.05243697762489319,0.0161665678024292,0.10645699501037598,true,3703724608,3.340624988079071,3.263187527656555,0,0.06152057647705078,0.05243697762489319,0.05243697762489319
oneOf-20/off/update-active-nogc,react,oneOf-20,off,update-active-nogc,기록,ms,24,-0.012540996074676514,-0.03895851969718933,0.03208354115486145,false,912806982,1.9842295050621033,1.9772090315818787,0,-0.011271506547927856,-0.021333038806915283,0.012540996074676514
oneOf-20/off/update-wall,react,oneOf-20,off,update-wall,판정,ms,24,0.05227049999996325,0.015479500000026292,0.10629149999999754,true,2625368870,3.3363539999999716,3.260541499999931,0,0.059207999999898675,0.05227049999996325,0.05227049999996325
oneOf-20/off/update-wall-nogc,react,oneOf-20,off,update-wall-nogc,기록,ms,24,-0.012583000000063294,-0.03912500000024011,0.03318800000022293,false,81115984,1.982687500000111,1.975208500000008,0,-0.011207500000068649,-0.02197949999992943,0.012583000000063294
oneOf-5/off/commits-mount,react,oneOf-5,off,commits-mount,기록,회,24,0,0,0,false,1045705975,2,2,0,0,0,0
oneOf-5/off/commits-mount-nogc,react,oneOf-5,off,commits-mount-nogc,기록,회,24,0,0,0,false,1289179127,2,2,0,0,0,0
oneOf-5/off/commits-update,react,oneOf-5,off,commits-update,기록,회,24,0,0,0,false,2979065183,2,2,0,0,0,0
oneOf-5/off/commits-update-nogc,react,oneOf-5,off,commits-update-nogc,기록,회,24,0,0,0,false,1688998175,2,2,0,0,0,0
oneOf-5/off/mount-active,react,oneOf-5,off,mount-active,판정,ms,24,0.010105010417873928,-0.03343644738203011,0.02941602021030576,false,1462053185,2.9874579780102124,2.9754999946079295,0,0.0048965379638730155,0.016457992736889082,0.010105010417873928
oneOf-5/off/mount-active-nogc,react,oneOf-5,off,mount-active-nogc,기록,ms,24,-0.005416968620295393,-0.02254004614258065,0.012166995048573881,false,1772454205,1.3008119989547708,1.303666992719684,0,-0.007520444540034532,0.0025830340022707787,0.005416968620295393
oneOf-5/off/mount-wall,react,oneOf-5,off,mount-wall,판정,ms,24,0.015437500000018645,-0.028687500000046384,0.039375000000063665,false,757102555,5.484979000000067,5.471270999999888,0,0.007917500000075961,0.021354000000030737,0.015437500000018645
oneOf-5/off/mount-wall-nogc,react,oneOf-5,off,mount-wall-nogc,기록,ms,24,-0.00043749999997544364,-0.017540999999937412,0.020333000000164247,false,4219520275,3.7872915000000376,3.791375500000072,0,0.002063000000134707,-0.009750499999995554,0.00043749999997544364
oneOf-5/off/profiler-mount,react,oneOf-5,off,profiler-mount,기록,ms,24,0.013691500000106771,-0.02262999999970816,0.036104999999736265,false,2152850918,2.4540224999989846,2.440333499999724,0,0.01412050000101317,0.013691500000106771,0.013691500000106771
oneOf-5/off/profiler-mount-nogc,react,oneOf-5,off,profiler-mount-nogc,기록,ms,24,-0.00030800000070030364,-0.018364000000474334,0.009938499998156658,false,3865260432,1.0607944999993606,1.0622334999999339,0,0.003265000001192675,-0.010935499999845888,0.00030800000070030364
oneOf-5/off/profiler-update,react,oneOf-5,off,profiler-update,기록,ms,24,0.0016560000008212228,-0.024023999999258194,0.016493000000423308,false,2290966960,0.9933755000001838,0.994174499999815,0,0.012356999999553864,-0.0067049999997834675,0.0016560000008212228
oneOf-5/off/profiler-update-nogc,react,oneOf-5,off,profiler-update-nogc,기록,ms,24,0.002283500002022265,-0.010223000002042681,0.012505000000601285,false,1726713622,0.7318195000004835,0.7312154999980294,0,0.003290499999138774,0.001954500003876092,0.002283500002022265
oneOf-5/off/update-active,react,oneOf-5,off,update-active,판정,ms,24,-0.015750020742416382,-0.062063008546829224,0.04991602897644043,false,669495419,2.7414375245571136,2.7379994988441467,0,0.013104021549224854,-0.02931201457977295,0.015750020742416382
oneOf-5/off/update-active-nogc,react,oneOf-5,off,update-active-nogc,기록,ms,24,0.007541000843048096,-0.0276680588722229,0.03962498903274536,false,3274265395,1.6771874725818634,1.6670624911785126,0,0.029520004987716675,-0.007876455783843994,0.007541000843048096
oneOf-5/off/update-wall,react,oneOf-5,off,update-wall,판정,ms,24,-0.015770500000087395,-0.05783199999973476,0.04564600000003338,false,2810936785,2.739229499999908,2.7354369999999903,0,0.012875000000121872,-0.027729499999907148,0.015770500000087395
oneOf-5/off/update-wall-nogc,react,oneOf-5,off,update-wall-nogc,기록,ms,24,0.00750050000021929,-0.028167000000053122,0.039936499999839725,false,1090094509,1.67562549999991,1.6656244999999217,0,0.029500000000098225,-0.0028744999999616994,0.00750050000021929
sample-0/off/commits-mount,react,sample-0,off,commits-mount,기록,회,24,0,0,0,false,2411277481,2,2,0,0,0,0
sample-0/off/commits-mount-nogc,react,sample-0,off,commits-mount-nogc,기록,회,24,0,0,0,false,1814659429,2,2,0,0,0,0
sample-0/off/commits-update,react,sample-0,off,commits-update,기록,회,24,0,0,0,false,1834541869,1,1,0,0,0,0
sample-0/off/commits-update-nogc,react,sample-0,off,commits-update-nogc,기록,회,24,0,0,0,false,4124960593,1,1,0,0,0,0
sample-0/off/mount-active,react,sample-0,off,mount-active,판정,ms,24,-0.005916541576368672,-0.019458523658727245,0.01333404977415853,false,116379387,1.733374470472313,1.736291994222654,0,-0.017082485877978115,-0.003084012636179523,0.005916541576368672
sample-0/off/mount-active-nogc,react,sample-0,off,mount-active-nogc,기록,ms,24,-0.012209022907313738,-0.02787449020576105,0.01258299112316763,false,3427667635,0.7878340241356341,0.7943539886474582,0,-0.0038130314903241924,-0.01766699094002888,0.012209022907313738
sample-0/off/mount-wall,react,sample-0,off,mount-wall,판정,ms,24,-0.007770499999878666,-0.021833499999956985,0.015916999999944892,false,3288193105,4.2355210000000625,4.239416500000004,0,-0.009165999999993346,-0.007437499999980446,0.007770499999878666
sample-0/off/mount-wall-nogc,react,sample-0,off,mount-wall-nogc,기록,ms,24,-0.009353499999861015,-0.02300000000025193,0.01927150000005895,false,2897081645,3.295270999999957,3.2968329999999924,0,-0.003812499999924057,-0.01422900000000027,0.009353499999861015
sample-0/off/profiler-mount,react,sample-0,off,profiler-mount,기록,ms,24,-0.0022899999990499964,-0.012878000000910106,0.005004000001008535,false,779752520,1.2621234999998592,1.263313500000038,0,-0.004047499999956017,-0.0017874999991818186,0.0022899999990499964
sample-0/off/profiler-mount-nogc,react,sample-0,off,profiler-mount-nogc,기록,ms,24,-0.010290999999540418,-0.026606000001095254,0.012201999998183055,false,2407147534,0.5692995000001133,0.5733940000001212,0,0.002504500000384269,-0.020132000001240158,0.010290999999540418
sample-0/off/profiler-update,react,sample-0,off,profiler-update,기록,ms,24,0.0004794999999830907,-0.001600999999823216,0.0021209999999314277,false,1392463598,0.11106049999966672,0.11089749999996457,0,0.00004050000001143417,0.000505499999917447,0.0004794999999830907
sample-0/off/profiler-update-nogc,react,sample-0,off,profiler-update-nogc,기록,ms,24,-0.0016854999989845965,-0.0037935000003699315,0.0012139999985265604,false,3224380952,0.0859179999998787,0.08693800000003193,0,-0.0014364999994995742,-0.002163999999822863,0.0016854999989845965
sample-0/off/update-active,react,sample-0,off,update-active,판정,ms,24,0.00031298398971557617,-0.010333001613616943,0.009375005960464478,false,229745937,0.4655415117740631,0.46656298637390137,0,-0.004624992609024048,0.0011669695377349854,0.00031298398971557617
sample-0/off/update-active-nogc,react,sample-0,off,update-active-nogc,기록,ms,24,-0.0025834739208221436,-0.010854512453079224,0.003604501485824585,false,3077634925,0.2777920067310333,0.2796665132045746,0,-0.0024369359016418457,-0.0025834739208221436,0.0025834739208221436
sample-0/off/update-wall,react,sample-0,off,update-wall,판정,ms,24,0.00027049999994233076,-0.010167999999907806,0.007854000000065753,false,816853387,0.4643955000000233,0.46537499999999454,0,-0.004707999999993717,0.0011455000000069049,0.00027049999994233076
sample-0/off/update-wall-nogc,react,sample-0,off,update-wall-nogc,기록,ms,24,-0.002499999999940883,-0.01008300000012241,0.0037915000001476074,false,1463679971,0.27668750000003683,0.278603999999973,0,-0.003021000000103413,-0.002499999999940883,0.002499999999940883
sample-1/off/commits-mount,react,sample-1,off,commits-mount,기록,회,24,0,0,0,false,61529782,2,2,0,0,0,0
sample-1/off/commits-mount-nogc,react,sample-1,off,commits-mount-nogc,기록,회,24,0,0,0,false,2211595008,2,2,0,0,0,0
sample-1/off/commits-update,react,sample-1,off,commits-update,기록,회,24,0,0,0,false,3741874752,1,1,0,0,0,0
sample-1/off/commits-update-nogc,react,sample-1,off,commits-update-nogc,기록,회,24,0,0,0,false,1152562246,1,1,0,0,0,0
sample-1/off/mount-active,react,sample-1,off,mount-active,판정,ms,24,-0.008271978395498536,-0.025999975021363753,0.0309795054836286,false,2708651702,2.918959006877884,2.929083495561599,0,-0.008125003814711818,-0.008271978395498536,0.008271978395498536
sample-1/off/mount-active-nogc,react,sample-1,off,mount-active-nogc,기록,ms,24,0.014875474361474517,-0.03495900179666478,0.03810448622698459,false,1110565632,1.5001680245208604,1.4934784883536736,0,0.01783300280567346,-0.010958002658810528,0.014875474361474517
sample-1/off/mount-wall,react,sample-1,off,mount-wall,판정,ms,24,-0.00983400000001211,-0.029311999999947602,0.024833000000171523,false,1697238048,5.416812500000049,5.429061999999988,0,-0.004770499999949607,-0.010125000000016371,0.00983400000001211
sample-1/off/mount-wall-nogc,react,sample-1,off,mount-wall-nogc,기록,ms,24,0.017520500000046013,-0.030250000000023647,0.058834000000047126,false,103953190,3.992750000000001,3.9869165000000066,0,0.017520500000046013,0.01068750000001728,0.017520500000046013
sample-1/off/profiler-mount,react,sample-1,off,profiler-mount,기록,ms,24,-0.005155499999318636,-0.014582999999561252,0.018191999998919073,false,842260521,2.254193999999984,2.258351000000289,0,0.0024259999997866544,-0.006813000000136071,0.005155499999318636
sample-1/off/profiler-mount-nogc,react,sample-1,off,profiler-mount-nogc,기록,ms,24,0.011887000001820525,-0.012852999998813175,0.03681199999857654,false,1340652517,1.1895485000007966,1.1788170000011178,0,0.011887000001820525,0.016493500001274697,0.011887000001820525
sample-1/off/profiler-update,react,sample-1,off,profiler-update,기록,ms,24,-0.0006670000005328802,-0.004797499999995125,0.005178499999601627,false,3028383149,0.1296660000005545,0.129519000000073,0,0.0010029999997414052,-0.0026685000000838954,0.0006670000005328802
sample-1/off/profiler-update-nogc,react,sample-1,off,profiler-update-nogc,기록,ms,24,-0.0006180000000313157,-0.0019149999998262501,0.001179000001343411,false,4226219729,0.08608850000007351,0.08598149999943416,0,-0.00029849999918951653,-0.0015350000011267184,0.0006180000000313157
sample-1/off/update-active,react,sample-1,off,update-active,판정,ms,24,-0.0007080137729644775,-0.006187021732330322,0.01097947359085083,false,2176981634,0.518916517496109,0.5185000002384186,0,0.0015414655208587646,-0.003479480743408203,0.0007080137729644775
sample-1/off/update-active-nogc,react,sample-1,off,update-active-nogc,기록,ms,24,0.0024164915084838867,-0.003395974636077881,0.0067289769649505615,false,4143612804,0.28489601612091064,0.28370851278305054,0,0.003041982650756836,-0.0007914602756500244,0.0024164915084838867
sample-1/off/update-wall,react,sample-1,off,update-wall,판정,ms,24,0.0003129999999487154,-0.007958499999915603,0.010604500000056305,false,3953349724,0.5173540000000116,0.51724999999999,0,0.00152100000008204,-0.0033330000000546534,0.0003129999999487154
sample-1/off/update-wall-nogc,react,sample-1,off,update-wall-nogc,기록,ms,24,0.0015000000000782165,-0.003416999999899417,0.006604499999866675,false,1775462074,0.28379150000000664,0.28262450000011086,0,0.0029584999998633066,-0.0007914999999911743,0.0015000000000782165
sample-2/off/commits-mount,react,sample-2,off,commits-mount,기록,회,24,0,0,0,false,742521099,2,2,0,0,0,0
sample-2/off/commits-mount-nogc,react,sample-2,off,commits-mount-nogc,기록,회,24,0,0,0,false,2317185635,2,2,0,0,0,0
sample-2/off/commits-update,react,sample-2,off,commits-update,기록,회,24,0,0,0,false,38833587,1,1,0,0,0,0
sample-2/off/commits-update-nogc,react,sample-2,off,commits-update-nogc,기록,회,24,0,0,0,false,3645420043,1,1,0,0,0,0
sample-2/off/mount-active,react,sample-2,off,mount-active,판정,ms,24,-0.0015434939479632703,-0.020250015369356333,0.014917001430546861,false,400513541,2.587292000532159,2.5925419978542266,0,0.0003130170745748728,-0.0015434939479632703,0.0015434939479632703
sample-2/off/mount-active-nogc,react,sample-2,off,mount-active-nogc,기록,ms,24,0.009188038385445907,-0.02004099875262,0.01887599284737007,false,440934249,1.3546659874553484,1.352626014782004,0,0.012270981311814921,0.007041515020432598,0.009188038385445907
sample-2/off/mount-wall,react,sample-2,off,mount-wall,판정,ms,24,-0.0023964999999748215,-0.025082999999938238,0.02199999999999136,false,3658824751,5.088791000000015,5.095958499999995,0,0.003062000000113585,-0.009437499999933152,0.0023964999999748215
sample-2/off/mount-wall-nogc,react,sample-2,off,mount-wall-nogc,기록,ms,24,-0.003290999999990163,-0.018999999999778083,0.027479500000026746,false,2871551631,3.851521000000048,3.8502710000000206,0,-0.0004794999999830907,-0.003290999999990163,0.003290999999990163
sample-2/off/profiler-mount,react,sample-2,off,profiler-mount,기록,ms,24,0.002177000000131102,-0.016494499998941592,0.013689999998860003,false,2008319538,2.020300999999847,2.019921499999782,0,0.006034000000056494,-0.0031259999993835663,0.002177000000131102
sample-2/off/profiler-mount-nogc,react,sample-2,off,profiler-mount-nogc,기록,ms,24,0.0005565000033129763,-0.008104999997840423,0.028354499998386018,false,3107118036,1.0685699999999088,1.064728000000514,0,0.01395450000177334,-0.003996999998548745,0.0005565000033129763
sample-2/off/profiler-update,react,sample-2,off,profiler-update,기록,ms,24,-0.0007170000000087384,-0.0015719999997827472,0.0031250000002955858,false,2305195052,0.13108300000055806,0.13154000000002952,0,-0.0006060000002889865,-0.0007170000000087384,0.0007170000000087384
sample-2/off/profiler-update-nogc,react,sample-2,off,profiler-update-nogc,기록,ms,24,-0.000877500000569853,-0.0031570000014653488,0.0013429999999061693,false,2124505962,0.10012250000011136,0.10074800000018058,0,-0.0003945000013345634,-0.00166150000086418,0.000877500000569853
sample-2/off/update-active,react,sample-2,off,update-active,판정,ms,24,-0.0008749961853027344,-0.009417057037353516,0.010999500751495361,false,3505398655,0.5137914717197418,0.5132915079593658,0,0.005541980266571045,-0.007145494222640991,0.0008749961853027344
sample-2/off/update-active-nogc,react,sample-2,off,update-active-nogc,기록,ms,24,-0.00016698241233825684,-0.005958974361419678,0.0039370059967041016,false,3231784639,0.31416699290275574,0.3158330023288727,0,-0.0029170215129852295,0.001958012580871582,0.00016698241233825684
sample-2/off/update-wall,react,sample-2,off,update-wall,판정,ms,24,-0.0008540000000039072,-0.00916600000005019,0.010416500000019369,false,185640709,0.5122499999999945,0.5118124999999623,0,0.005708999999910702,-0.006854000000032556,0.0008540000000039072
sample-2/off/update-wall-nogc,react,sample-2,off,update-wall-nogc,기록,ms,24,-0.00035450000007131166,-0.005834000000049855,0.0030209999999897263,false,1076938345,0.3130625000000009,0.31475000000000364,0,-0.003062500000169166,0.0019585000000006403,0.00035450000007131166
sample-3/off/commits-mount,react,sample-3,off,commits-mount,기록,회,24,0,0,0,false,1971015680,2,2,0,0,0,0
sample-3/off/commits-mount-nogc,react,sample-3,off,commits-mount-nogc,기록,회,24,0,0,0,false,2250919302,2,2,0,0,0,0
sample-3/off/commits-update,react,sample-3,off,commits-update,기록,회,24,0,0,0,false,1687101350,1,1,0,0,0,0
sample-3/off/commits-update-nogc,react,sample-3,off,commits-update-nogc,기록,회,24,0,0,0,false,3293061328,1,1,0,0,0,0
sample-3/off/mount-active,react,sample-3,off,mount-active,판정,ms,24,0.008186452261043087,-0.01554003385535907,0.07045797549824329,false,780511640,8.426228981880172,8.409874010618239,0,0.013040497028441678,0.0036239671345015267,0.008186452261043087
sample-3/off/mount-active-nogc,react,sample-3,off,mount-active-nogc,기록,ms,24,0.05529198365945831,-0.02322949875269842,0.10143898059675394,false,3386765054,5.3392920347174595,5.3058754757365705,0,0.048772004640454725,0.06579150062350436,0.05529198365945831
sample-3/off/mount-wall,react,sample-3,off,mount-wall,판정,ms,24,0.022250499999984186,-0.017542000000105418,0.11256249999996726,false,3079580334,10.908583499999963,10.889332999999965,0,0.022250499999984186,0.02943750000002865,0.022250499999984186
sample-3/off/mount-wall-nogc,react,sample-3,off,mount-wall-nogc,기록,ms,24,0.03654149999999845,-0.012166999999863037,0.07358299999987139,false,2543763800,7.757812500000114,7.7397289999998975,0,0.019584000000122614,0.047207999999955064,0.03654149999999845
sample-3/off/profiler-mount,react,sample-3,off,profiler-mount,기록,ms,24,0.013884499992684596,-0.031515999998646294,0.08622799999739073,false,902026771,7.005361499997662,6.988270000000057,0,0.025194499999088293,-0.006281500001136919,0.013884499992684596
sample-3/off/profiler-mount-nogc,react,sample-3,off,profiler-mount-nogc,기록,ms,24,0.038449999993758865,-0.009913000003280104,0.08354900000767884,false,2834889195,4.436367000000814,4.408634000006941,0,0.024409999996578335,0.051788999993959806,0.038449999993758865
sample-3/off/profiler-update,react,sample-3,off,profiler-update,기록,ms,24,0.0006330000014713733,-0.0013735000002839115,0.002585000000067339,false,4002586043,0.1312710000000834,0.1306699999997818,0,-0.0005049999991229015,0.0012040000000297368,0.0006330000014713733
sample-3/off/profiler-update-nogc,react,sample-3,off,profiler-update-nogc,기록,ms,24,0.0001939999998512576,-0.0014590000014322868,0.003819999999677748,false,3466486771,0.08314349999977821,0.08218600000100196,0,0.0002089999987902047,0.0001264999993964011,0.0001939999998512576
sample-3/off/update-active,react,sample-3,off,update-active,판정,ms,24,0.0002294480800628662,-0.008457958698272705,0.009374916553497314,false,1607953328,0.5161249935626984,0.5186670124530792,0,-0.008625000715255737,0.005040973424911499,0.0002294480800628662
sample-3/off/update-active-nogc,react,sample-3,off,update-active-nogc,기록,ms,24,0.00010448694229125977,-0.0037914812564849854,0.007916033267974854,false,1930898710,0.2997085154056549,0.29810449481010437,0,0.0021670162677764893,-0.0002709925174713135,0.00010448694229125977
sample-3/off/update-wall,react,sample-3,off,update-wall,판정,ms,24,0.0009785000000874788,-0.009437500000046839,0.008521500000028936,false,3221155766,0.5146465000000262,0.5164790000000039,0,-0.008541499999921598,0.0046044999999708125,0.0009785000000874788
sample-3/off/update-wall-nogc,react,sample-3,off,update-wall-nogc,기록,ms,24,0.000396000000478125,-0.0034580000001369626,0.00804100000004837,false,1603417600,0.29862500000001546,0.2969789999999648,0,0.002166500000043925,-0.00006200000018452556,0.000396000000478125
