NODE-034	presentation.FormTypeInput	이긴 충돌 NODE-047: 값 칸의 18라운드 안건 N14 문장을 "가상은 늘 branch이고 options.terminal: true는 청사진 오류다"로 바꿈
NODE-034	'terminal'	이긴 충돌 NODE-047: 값 칸의 18라운드 안건 N14 문장을 NODE-047의 규칙 문장으로 바꿈
NODE-034	getNodeGroup.ts:22-23	이긴 충돌 NODE-047: 값 칸의 18라운드 안건 N14 문장을 NODE-047의 규칙 문장으로 바꿈
NODE-034	getNodeGroup.ts:20-21	이긴 충돌 NODE-047: 값 칸의 18라운드 안건 N14 문장을 NODE-047의 규칙 문장으로 바꿈
NODE-034	N14	이긴 충돌 NODE-047: 값 칸의 18라운드 안건 N14 문장을 NODE-047의 규칙 문장으로 바꿈
VALUE-006	getInactiveValues(path)	이긴 충돌 VALUE-029(소유자 답 12-8 셋째: 잠복 원본 열거는 루트 노드의 함수이고 노드마다 getter inactiveValues)
VALUE-027	getInactiveValues(path)	이긴 충돌 VALUE-029(소유자 답 12-8 셋째: 잠복 원본 열거는 루트 노드의 함수이고 노드마다 getter inactiveValues)
VALUE-027	N3	가리킴 바꿈 07-conclusions.md §6.2 N3 → SURFACE-050(값 읽기 이름 확정)
VALUE-030	valueTypeMismatches: readonly string[]	이긴 충돌 SURFACE-061(확정 이름 typeMismatches: readonly string[])
VALUE-037	valueTypeMismatch = raw !== undefined && !(raw === null && nullable) && !isMemberOfEffectiveList(raw)	이긴 충돌 SURFACE-061(확정 이름 typeMismatch로 읽음)
VALUE-037	valueTypeMismatch === false	이긴 충돌 SURFACE-061(확정 이름 typeMismatch로 읽음)
WRITE-015	N1	가리킴 바꿈 07-conclusions 6.1·6.2의 N1 → SURFACE-004, SURFACE-039
WRITE-019	getInactiveValues(path)	이긴 충돌 VALUE-029: 잠복 원본 열거의 이름을 충돌 줄의 규칙(노드마다 getter inactiveValues)으로 바꿈
WRITE-097	D-7	정비 문장 WRITE-085 가리킴 문장(→ WRITE-090, SETTLE-046)을 옮기지 않음
WRITE-097	대체됨(→ WRITE-090)	정비 문장 LANDING-118 상태 문장을 옮기지 않음
WRITE-085	D-7	가리킴 바꿈 (D-7, WRITE 017) → WRITE-090(규칙 4 표, WRITE-097이 푼 가리킴)
WRITE-085	update(i, v)	이긴 충돌 WRITE-095(구조 연산이 아닌 쓰기는 스냅숏을 건드리지 않는다는 글을 WRITE-095의 자리 맞춤 규칙으로 바꿈)
WRITE-011	4.1 행	가리킴 바꿈 `07-conclusions.md` 4.0의 4.1 행은 WRITE-011 자신의 규칙이라 가리킴을 지움
WRITE-041	getInactiveValues	이긴 충돌 VALUE-029: 잠복 원본 열거는 루트 노드의 함수이고 노드마다 getter inactiveValues
WRITE-079	VALUE_TYPE_MISMATCH	이긴 충돌 SURFACE-061: 마지막 문장의 경고 코드를 확정 이름 SCHEMA_FORM_WARNING.TYPE_MISMATCH로 바꿈
VALUE-037	VALUE_TYPE_MISMATCH	이긴 충돌 SURFACE-061(확정 이름 SCHEMA_FORM_WARNING.TYPE_MISMATCH로 읽음)
VALUE-037	valueTypeMismatches	이긴 충돌 SURFACE-061(확정 이름 typeMismatches로 읽음)
NODE-058	valueTypeMismatch	이긴 충돌 SURFACE-061(확정 이름 typeMismatch로 읽음)
NODE-058	valueTypeMismatch === false	이긴 충돌 SURFACE-061(확정 이름 typeMismatch로 읽음)
CONTROLS-021	getInactiveValues	이긴 충돌 VALUE-029의 node.inactiveValues
CONTROLS-053	63행	가리킴 바꿈 WRITE-018
CONTROLS-054	79행	가리킴 바꿈 CONTROLS-027
CONTROLS-084	34행	가리킴 바꿈 CONTROLS-027
CONTROLS-084	82행	가리킴 바꿈 WRITE-090
SETTLE-011	4.11 행	가리킴 바꿈 4.0의 4.11 행을 SETTLE-011로 바꿈
EVENT-008	listenerFeedback	이긴 충돌 ERROR-142의 되먹임 진단 미기록
EVENT-020	N4	가리킴 바꿈 EVENT-020으로 옮긴 06 N4
EVENT-063	focus()	이긴 충돌 EVENT-073 명령 메서드 하나
EVENT-063	select()	이긴 충돌 EVENT-073 명령 메서드 하나
EVENT-063	refresh()	이긴 충돌 EVENT-073 명령 메서드 하나
EVENT-063	remount()	이긴 충돌 EVENT-073 명령 메서드 하나
EVENT-063	refresh(path)	이긴 충돌 EVENT-073 FormHandle 대칭 모양 미정
EVENT-063	remount(path)	이긴 충돌 EVENT-073 FormHandle 대칭 모양 미정
BLUEPRINT-041	VALUE_TYPE_MISMATCH	이긴 충돌 SURFACE-061 확정 경고 코드로 바꿈
FRAGMENT-015	getInactiveValues	이긴 충돌 VALUE-029의 `node.inactiveValues`로 이름 변경
BLUEPRINT-048	37행	가리킴 바꿈 소유자 답 37행의 U4를 BLUEPRINT-041로 변경
FRAGMENT-017	Q15	가리킴 바꿈 SETTLE-044의 최적화 부정 결정
FRAGMENT-022	spikes/round9/REPORT.txt	가리킴 바꿈 실측 근거 TEST-059
ERROR-186	SCHEMA_FORM_WARNING.VALUE_TYPE_MISMATCH	이긴 충돌 SURFACE-061의 확정 이름 SCHEMA_FORM_WARNING.TYPE_MISMATCH로 읽음
ERROR-198	SCHEMA_FORM_WARNING.VALUE_TYPE_MISMATCH	이긴 충돌 SURFACE-061: 확정 이름 SCHEMA_FORM_WARNING.TYPE_MISMATCH로 읽음
CONTROLS-070	adr/0003:25	가리킴 바꿈 CONTROLS-048
CONTROLS-053	43행	가리킴 바꿈 WRITE-007
BLUEPRINT-048	30행	가리킴 바꿈 소유자 답 30행을 BLUEPRINT-051로 변경
BLUEPRINT-048	32행	가리킴 바꿈 소유자 답 32행을 BLUEPRINT-038로 변경
BLUEPRINT-048	33행	가리킴 바꿈 소유자 답 33행의 혼합 규칙은 BLUEPRINT-048 자신이라 "그대로다" 꼬리에서 지움
BLUEPRINT-050	30행	가리킴 바꿈 소유자 답 30행을 BLUEPRINT-051로 변경
BLUEPRINT-050	32행	가리킴 바꿈 소유자 답 32행을 BLUEPRINT-038로 변경
FRAGMENT-014	D-2	가리킴 바꿈 ADR 0002 D-2의 3(호스트 바퀴 상한)을 SETTLE-022로 변경
EVENT-027	N2	가리킴 바꿈 SURFACE-045로 옮긴 07 N2
EVENT-058	N4	가리킴 바꿈 SURFACE-007로 옮긴 07 N4
EVENT-063	13 행	가리킴 바꿈 SURFACE-011 명령 행
ERROR-142	stable	이긴 충돌 ERROR-204: 호출자의 복귀 문장을 충돌 줄의 규칙 문장으로 바꿈
ERROR-164	JSON_SCHEMA_ERROR.INVALID_VIRTUAL_NODE_VALUES	이긴 충돌 ERROR-195: 코드는 오류 클래스와 무리를 옮겨 SCHEMA_FORM_ERROR.INVALID_VIRTUAL_NODE_VALUES(가칭)
BLUEPRINT-046	DETAIL.md	정비 문장 BLUEPRINT-046 셋째 문장, 원장 자신에 대한 지시(원장 관리 세션 판정 묶음 2)
ERROR-198	E-23	정비 문장 ERROR-198 "FRAGMENT-023(…E-23·E-19)과 ERROR-159의 충돌 칸이 … 닫아 두었다", 원장 자신에 대한 문장이라 옮기지 않음(원장 관리 세션 판정 묶음 3)
ERROR-198	E-19	정비 문장 ERROR-198 "FRAGMENT-023(…E-23·E-19)과 ERROR-159의 충돌 칸이 … 닫아 두었다", 원장 자신에 대한 문장이라 옮기지 않음(원장 관리 세션 판정 묶음 3)
