reviews/round-10-owner-answers.md:7	10	A-1	예상이 맞다.
reviews/round-10-owner-answers.md:8	10	A-2	기존과 달리 의미를 통일했으니 이렇게 해도 무방하다. 단, 이는 검증과 무관하므로, 잘못된 스키마에 대한 책임은 사용자에게 있고, form은 고
reviews/round-10-owner-answers.md:9	10	A-3	분기를 고르지 않으나, if-then-else 문법은 예외적으로 분기를 결정하는 것에 쓰인다. 내 이해가 맞나? (예시 스키마) 이 구조에서 `
reviews/round-10-owner-answers.md:10	10	A-4	루프의 가능성을 제한하지는 않는다. 이때문에 순환된 값이 진동하거나 발산할 수 있으며, 이를 막기 위한 상한값이 있고, 그 상한값을 초과하면 적
reviews/round-10-owner-answers.md:11	10	B-22	동의합니다. 이 경우에 대한 예외적 허용을 하죠. 이를 통해 스키마를 통해서 form을 제어하는 방법은 if-then-else 와 oneOf /
reviews/round-10-owner-answers.md:12	10	B-12	이건 "읽기전용 form 인 경우" 등을 구현하기 위한 구조라서 props 로 전달되는 글로벌 값이 개별 값을 덮도록 하는게 맞습니다. root
reviews/round-10-owner-answers.md:13	10	B-1	권고를 따릅니다만, 기본적으론 form 을 터트려서(error 를 throw 해서) 알려주는게 좋지 않을까 싶네요... 이 루프가 만들어지는건 
reviews/round-10-owner-answers.md:14	10	C-10	A2에서 답변함
reviews/round-10-owner-answers.md:15	10	C-11	네. 따로 두지 않습니다. 다만, 개별 formTypeInput 에서는 undefined 를 onChange 로 전달하는게 값을 빼는 것으로 동
reviews/round-10-owner-answers.md:16	10	C-15	값을 빼거나, 넣는 값도 일부 있긴 해야합니다. 예컨대 A 브랜치가 비활성화 될때, A의 값을 제거할지 남겨둘지, 혹은 변경할지, 그리고 inp
reviews/round-10-owner-answers.md:17	10	C-20	예 이건 jsonSchema 스팩을 존중합니다
reviews/round-10-owner-answers.md:18	10	C-2	예 맞습니다
reviews/round-10-owner-answers.md:19	10	D-6	동의
reviews/round-10-owner-answers.md:20	10	D-7	네, 세부적인 규칙이 포괄적인 규칙을 덮는 기존 관례를 따릅니다
reviews/round-10-owner-answers.md:21	10	D-14	readOnly, visible 같은거에 &를 붙이는건 좀 이상하긴 하니까 control(or controls 적절한거 선택) 블록으로 묶으면 
reviews/round-10-owner-answers.md:22	10	D-17	예
reviews/round-10-owner-answers.md:23	10	E-8	예 이깁니다
reviews/round-10-owner-answers.md:24	10	E-9	이게 충돌하는게 좋은 상황은 아닙니다만, derived 가 이깁니다
reviews/round-10-owner-answers.md:25	10	E-13	이게 좀 애매합니다. 기본적으로 본인의 readOnly 조건을 글로벌 조건이 이기는 설계입니다. 그 이유는 앞서 말한대로, form 세부 정보와
reviews/round-10-owner-answers.md:26	10	E-16	예. 이미 답함
reviews/round-10-owner-answers.md:27	10	E-18	깊은 병합을 했으면 합니다. 그 이유는 커스텀 props는 (FormTypeInputProps 같은) 내부에 객체타입을 가질 수도 있고 함수나 
reviews/round-10-owner-answers.md:28	10	E-19	추가 정보를 원합니다. 다음 라운드에서 보강해서 다시 질문하세요. 무슨소린지 모르겠음
reviews/round-10-owner-answers.md:29	10	E-21	이건 어떠려나요? 이전 상태와 무관하게 현재 데이터를 기준으로 true 면 지우고, false 면 안지워야 할거같은데요. 이전 상태는 중요치 않
reviews/round-10-owner-answers.md:30	10	E-23	게이트를 가진 분기는 required 가 필수에요? if 문 자체를 통으로 jsonSchema 평가하는거 아닙니까? 그럼 표현에 한계가 없을텐데
reviews/round-10-owner-answers.md:31	10	E-4	네, virtual 은 스키마로 선언되는건 아니니까 그냥 둡시다. 유효성검증도 영향 없고.
reviews/round-10-owner-answers.md:32	10	E-5	동의
reviews/round-10-owner-answers.md:38	10	E-23	이해했습니다. 다만, 이건 우리가 참견할 문제는 아닙니다. 평가하지 않습니다.
reviews/round-10-owner-answers.md:39	10	E-21	최초 로드시에입니다. 런타임에는 false->true, true->false 경계에서만 동작하는걸 생각합니다.
reviews/round-10-owner-answers.md:40	10	E-19	23에서 말한대로 굳이 안봐도 되지않나 싶습니다. 이렇게 말하는 이유는 그냥 if 문의 스키마로 지금 값을 평가하면 되는거라 굳이 그런 규칙은 
reviews/round-13-owner-answers.md:7	13	1 잠금 규칙	이걸로 가자.(다) 글로벌 readOnly 나 disabled 같은 개념은 없애고 모든 control 필드는 자체 노드만 지원. children
reviews/round-13-owner-answers.md:8	13	2 나감 비움 기본값	나는 지금 방출과 값을 구분하지 않고 말했다. onChange 로 넘어가는 값(방출 표현값)에서 지워지는게 기본값이면 된다. 그럼 궁금한건데, 
reviews/round-13-owner-answers.md:9	13	3 폼 전용 키 접두	이후 대화로 "나" 방향 확정. 다만, 제안했던 form 전용필드용 프리픽스는 매력적이나, 너무 난해해진다. 제어용 필드들에 대해서만 &를 붙이
reviews/round-13-owner-answers.md:10	13	4 규칙 충돌 순위	이게 맞다.(가) 전파 순서에 대한 이야기는 서로 다른 노드에서 하나의 노드로 injectTo 를 할 경우를 생각한건데, 이 경우에는 뒤가 이기
reviews/round-13-owner-answers.md:16	13	Form 속성의 자리	맞다. props 로 전달되는 글로벌 readOnly 와 disunset 만 특별관리를 하자. 코어트리와 유리된 전역동작으로 읽으면 된다.
reviews/round-13-owner-answers.md:17	13	나감 정책 키 이름	권고 수용. unsetOnInactive 으로 한다.
reviews/round-14-owner-answers.md:7	14	O-1	가 로 하죠. 다만, discriminator 를 서로 다르게 선언했거나 discriminator 이 분기마다 다른 타입이나 성질을 가지면 오류
reviews/round-14-owner-answers.md:8	14	O-2	가 로 가죠. 다만, 이런 예산초과된 상태로 동작하는건 되도록 막는 방향을 원하긴 해요.
reviews/round-14-owner-answers.md:9	14	O-3	더해도 되긴 하는데, 어차피 이벤트 컨텍스트 데이터니까, update 의 오리진을 구분할 니즈가 있을까요?
reviews/round-14-owner-answers.md:10	14	O-4	가로 가도 됩니다. 다만 전반적으로 "오류가 나도 동작하는" 형태보다는 안되면 오류를 터트려서 인지시키는 방향이 좋지 않을까 싶네요
reviews/round-14-owner-answers.md:11	14	O-5	이 error 처리 기법에 대해서 확장 조사를 한번 해보세요. 질문 대부분이, 오류가 나도 form 은 동작시키고 console 을 낼까요, 아
reviews/round-14-owner-answers.md:12	14	O-6	가 확정
reviews/round-14-owner-answers.md:13	14	O-7	맞긴 한데, 이건 plungin 을 통한 전역 속성이 아니라 특정 커스텀 검증기 등을 추가한 커스텀 인스턴스 주입기임. 제거할 이유가 있나? 설
reviews/round-14-owner-answers.md:14	14	O-8	논리적 정합성을 따져보세요. 권고가 맞는거같긴 한데. 확신을 못하겠군요
reviews/round-14-owner-answers.md:15	14	O-9	네 확정하세요
reviews/round-14-owner-answers.md:16	14	O-10	이건 사실상 오류를 뿜으면서 form 이 터져야 할 것 같은데요. 경고만 일어나고 동작하는것처럼 보이는게 더 위험합니다
reviews/round-14-owner-answers.md:17	14	O-11	네 가로 가죠. 근데 그럼 merge 를 못쓰고 새로 구현해야 하는거 아닙니까? mege 함수에 옵션을 넣는게 나을까요?
reviews/round-16-owner-answers.md:7	16	1	"예"
reviews/round-16-owner-answers.md:8	16	2	"기본적으로 값에 대한 리셋이긴 한데요, 기존 사용방식을 참고해서 로드로 충분한지 검토해보세요. 불필요한 캐시 리빌드를 원하진 않습니다만, 사용
reviews/round-16-owner-answers.md:9	16	3	"예"
reviews/round-16-owner-answers.md:10	16	4	"예. 전체 정리 허용합니다"
reviews/round-16-owner-answers.md:11	16	5	"예"
reviews/round-16-owner-answers.md:12	16	6	"예, 대표적으로 if-then 을 사용한 무제한 스카마 확장 문법은 더 느릴수밖에 없을겁니다. 대신 통제 가능하고 일정 수준 내에서만 느리길 
reviews/round-16-owner-answers.md:13	16	7	"예"
reviews/round-16-owner-answers.md:14	16	8	"예 적절한 이름을 써주세요"
reviews/round-16-owner-answers.md:15	16	9	"정해지지 않았습니다. changeSet 을 사용한 표준 방법으로 바꾸고자 합니다. 릴리즈 테스트도 다시 작성해야 합니다. 지금 구조는 gith
reviews/round-16-owner-answers.md:16	16	10	"에. 최소생성, 메모리안정, 캐싱을 통한 속도 및 재생성 방지가 고속성 원칙에 포함됩니다."
reviews/round-17-owner-answers.md:9	17	R17	"나 허용. 망가진 값을 올리는게 더 위험하겠다."
reviews/round-17-owner-answers.md:10	17	R17	"지워야하지 않을까? 안지우고 어떻게 꺼지는 자신(객체?)만 지우겠어. 해당 브랜치가 꺼질떄, 하위 트리노드가 모두 꺼진다고 봐야할거같아."
reviews/round-17-owner-answers.md:11	17	R17	첫 답: "이건 "다" 가 맞을거야. 그걸 코어에 둘지 options 에 둘지는 다루어봐야겠지만. 그 이유가, 트림이 꺼져있을때 사용자가 띄어쓰
reviews/round-17-owner-answers.md:12	17	통보 1	"허용"
reviews/round-17-owner-answers.md:13	17	통보 2	"예. 허용해야 합니다."
reviews/round-17-owner-answers.md:14	17	통보 3	"오류만 내보내고 거절은 하지 마시죠. 사용자가 인지만 하면 될거고, 기본값이 있어서 사용자가 오히려 불편할겁니다. 저는 jsonSchema 로
reviews/round-17-owner-answers.md:15	17	통보 4	첫 답: "onError 로 넘어가는건 기본적으로 유효성검증 에러라는 가정을 하고있어서요. 그건 좀 어려울 수도 있겠습니다. 다시 던지는 안은 
reviews/round-17-owner-answers.md:21	17	종류별 동작 표의 이름	"BEHAVIORS 이게 나은거 아닌가 그럼? KINDS[kind] 좀 이상하잖아. BEHAVIORS[kind]면 모를까." 뒤이어 "좋아. 그
reviews/round-17-owner-answers.md:22	17	`group`의 이름	"그리고 추가 질문인데, group 이라는 이름도 바꿀 수 있나?" 뒤이어 "좋아. 그렇게 하자."
reviews/round-17-owner-answers.md:23	17	`kind` 필드	"또한, 지금 말한대로면 kind 는 type+group 으로 유도되는건가? 그럼 이걸 별도로 나누는 이유가 뭐지?" 뒤이어 "좋아. 그렇게 하
reviews/round-17-owner-answers.md:24	17	노드 구조	"마지막으로 그럼 node 구조가 어떻게 되는건가? 지금처럼 AbstractNode 를 상속하는 구조가 아닌건가? 말만 들어보면 kind 의 B
reviews/round-17-owner-answers.md:25	17	`behaviors/`	"구조가 바뀌는 만큼, behaviors/ 하위에 개별 "행위"들이 하나의 .ts 파일로 떨어질거같지 않은데, 이건 프렉탈이나 디렉토리로라도 묶
reviews/round-17-owner-answers.md:26	17	`tree`의 이름	"tree 이름 맘에 안드는데.... 이거 다른 제안 없니..?" 뒤이어 "좋아, 책임별로 나누는 걸로 가자. 이름은 제안을 좀 받아볼게."
reviews/round-17-owner-answers.md:27	17	진행 방식	"4번이랑 병렬로 할 수 있나? 하니면 기다렸다가 해야하나? 네가 데이터를 유실할까봐 좀 걱정이긴한데"
reviews/round-17-owner-answers.md:33	17	(가)	"(가) ㄱ warning으로."
reviews/round-17-owner-answers.md:34	17	(나)	"(나) 확장 허용합니다"
reviews/round-17-owner-answers.md:42	17	4 종류 모듈	확정. `objectBehavior/`와 `arrayBehavior/` 안에 `branch/`·`terminal/`을 두고 둘이 함께 쓰는 보조
reviews/round-17-owner-answers.md:43	17	9 입력 마침 칸	확정. `finishInput`(어댑터의 신호도 같은 이름)
reviews/round-17-owner-answers.md:44	17	10 자식 구성 칸	확정(소유자가 낸 이름, 반대 없음). 칸의 일을 이름에 맞춘다. 칸은 노드를 만들지 않고 자식 선언 목록만 돌려주며, 생성은 `settle`이
reviews/round-17-owner-answers.md:45	17	12·15 생성 함수와	확정. 옛 이름을 피한다는 기준은 버린다. 이름은 아래 이름 규칙에 따라 형 `SchemaNodeFactory`, 모듈 수준 함수 `schema
reviews/round-17-owner-answers.md:46	17	14 트리마다 하나인 	확정. `SchemaNodeRuntime`(노드 필드 `runtime`). 한 트리의 모든 노드가 같은 런타임 하나를 가리킨다
reviews/round-17-owner-answers.md:52	17	전환 방식	확정. PR마다 대상 영역의 옛 코드를 레거시 디렉토리로 옮기고 새 코드를 쓴다. 쓸 만한 코드와 함수는 가져오고 나머지는 버린다. 레거시 디렉
reviews/round-17-owner-answers.md:53	17	`Node` 이름 규칙	확정. 넓은 범위의 이름(내보내는 형, 모듈 수준 함수, fractal 진입점의 이름)은 `SchemaNode` 접두를 쓴다: `SchemaNo
reviews/round-17-owner-answers.md:54	17	9번 확인	확정. `finishInput`
reviews/round-18-owner-answers.md:7	18	S1	첫 답: "S1? 이건 무슨소리지? isNumberNode 가 참인거랑 value가 숫자인건 다른 이야기긴 한데. undefined 일 수도, 
reviews/round-18-owner-answers.md:8	18	S1	""나"로 갑시다. 이게 정확히 내가 원하는 기능이에요. 그 이상을 하는건 나도 원치 않습니다. 다만 흠... 변경하지 못하는 값을 입력했을때,
reviews/round-18-owner-answers.md:9	18	S1	첫 물음: "흠 그럼, 이건 사실상 형변환 시도를 해보고, 안되면 그대로 둔다. 되면 한다. 이정도인거고, 개별 노드가 자신의 타입에 맞는 Va
reviews/round-12-owner-answers.md:7	12	1 Form 속성 `false`	권고 수용. false 일때는 로컬 동작을 보장한다. 이는 props 와 global 로 전달되는 경우에 대한 특별 동작이다.
reviews/round-12-owner-answers.md:8	12	1 글로벌 안의 충돌	그냥 jsonSchema 상의 글로벌 readOnly 와 disabled 스팩은 제거해버릴까? 생각보다 성가시네 / 레드팀 공격 요청
reviews/round-12-owner-answers.md:9	12	2 `&discriminator`	명시 필수 수용.
reviews/round-12-owner-answers.md:10	12	3 꺼질 때 값 정책	동의. 조각이 꺼질때 해당 값을 "제거"할 것인지는 별도 옵션을 쓴다. 단, 기본값은 true, false 로 끌 수 있도록 한다. 이는 omi
reviews/round-12-owner-answers.md:11	12	3 중복 선언	해당 조건은 중복 선언시(부모선언 + 자식노드 자체 선언) 이를 병합하는게 아니라 덮어쓰는걸 고려했다. 하지만 이를 or 조건이나 체인으로 엮을
reviews/round-12-owner-answers.md:12	12	4 프로덕션 throw	동의한다. 개발모드에선 throw, 이를 무시하고 리얼에 나간 경우, "어떻게든 동작하는 형태"를 고수한다. 이는 리엑트와 동일 설계이다.
reviews/round-12-owner-answers.md:13	12	5 `&clearValue` 두 문장	동의한다. 권고를 수용한다. resetInteraction 동작도 clearValue 와 동일하다. 다만 한가지, unsetValue 가 낫지 
reviews/round-12-owner-answers.md:14	12	6 `else: false` 경고	둔다. 이는 막을 수 있는 간단한 실수이므로. 그 이상의 스키마 개입은 하지 않는다. 그냥 스키마의 해석에 따른 에러만 있을 뿐 form 으로서
reviews/round-12-owner-answers.md:15	12	7 "input을 초기화"	이 내용은 기반지식에 근거한다. 현재 formType 은 개별 노드에 대해 touched 와 dirty 를 따로 관리하며, 이 값이 error의
reviews/round-12-owner-answers.md:16	12	8 `virtual`	제거해도 무방하나 node 로서는 동일한 대우를 받아야 한다. virtual node 설정은 기본적으로 커스텀 필드이니까 제거할 필요가 없지않나
reviews/round-12-owner-answers.md:17	12	§9 같은 순위끼리	동의
reviews/round-12-owner-answers.md:18	12	§9 형상에 없는 노드	동의
reviews/round-12-owner-answers.md:19	12	§9 로드에서 `&derived`	동의
reviews/round-12-owner-answers.md:20	12	§9 `undefined` 반환	동의. 이는 자칫 ealry return 과 혼동이 발생해서 문제가 있었다
reviews/round-12-owner-answers.md:21	12	§9 조각 식의 경로 기준	모든 JsonPointer 는 선언된 node 를 기준으로 처리된다. 이때 .. 나 . 는 확장 커스텀 표식이므로 form 이 정당하고 일관되게
reviews/round-12-owner-answers.md:22	12	§9 게이트 없는 분기 안의 `if/then`	게이트 없는 분기의 if-then은 뭘 의미하는가? 이때도 if 문에 따른 then / else 동작이 해석되어야 하는것 아닌가?
reviews/round-12-owner-answers.md:23	12	§9 로컬 층 안의 결합	좀 더 설명 필요. 이것만으론 이해가 잘 안된다. 글로벌이 덮을 수 있는건 readOnly / disabled 뿐이고, 나머지는 글로벌 선언과 
reviews/round-12-owner-answers.md:24	12	§9 `&options`	1. options 도 & 키워드를 가지나? 컨트롤이 아닌데? 2. 대체로 맞음. 병합 불가한 함수는 나중이 승, 병합 가능한 객체는 깊은 병합
reviews/round-12-owner-answers.md:25	12	§9 `&derived`·`&injectTo` 충돌	기본적으로 둘다 동작하는데, 이벤트 전파 순서에 따라 나중에 선언된 것이 이김. 경고를 할 필요는 잘 모르겠음. 무한루프도 아니고.
reviews/round-12-owner-answers.md:26	12	§9 같은 이름·다른 종류	이건 근데 jsonSchema 가 에러를 내지 않나?
reviews/round-12-owner-answers.md:27	12	§9 경고 목록 일곱	더 많을 수도 있다. 기존 error 종류와 용법을 참고해서 분류하라. 물론 기존 분류체계가 애매하면 다시 구성해도 무방
reviews/round-12-owner-answers.md:28	12	§9 게이트 가진 분기의 정의	1항? 무슨 뜻이지?
00-goals.md:141	?	G1	client에서 통과한 데이터는 서버에서 온전히 통과해야 한다. 스키마 소유자가 FE든 BE든 동일하고 예측 가능하게
00-goals.md:142	?	G2	서버에서 선언한 스키마를 그대로 넣어도 온전한 폼을 그릴 수 있기를. FE가 소유하면 더 폭넓은 표현
00-goals.md:143	?	G2	FE 입장의 폭넓은 표현력 유지. 문제는 `oneOf`/`anyOf`/`if-then-else`를 전용 문법으로 쓴 것
00-goals.md:144	?	G2	표시 제어는 `&`로 모으고 FE에 귀속, 유효성 검증에 개입하지 않게
00-goals.md:145	?	G3	JSON Schema 스펙을 우리가 파싱해서 쓰는 일은 되도록 없기를. 스펙을 잘 따르는 구현체를 쓰면 되고 선언 책임은 사용자에게
00-goals.md:146	?	G3	검증기를 내장하지 않고 플러그인으로 처리하고 싶다
00-goals.md:147	?	G4	object/array 노드의 branch 구성 전략을 아예 다시 짜고 싶다. 더 효율적이고 직관적이고 깔끔하게, 합목적하고 정합하게
00-goals.md:148	?	G4, G5	`oneOf`와 `if-then-else`가 서로 다른 라이프사이클을 타서 branch 전략이 매우 복잡하고 잠재 버그가 많다
00-goals.md:149	?	G5	내가 이해 가능한 데이터의 라이프사이클. 노드 내부에서만큼은 원칙에 맞는 직관적인 데이터 흐름
00-goals.md:150	?	G6	고속 동작 보장 — 대규모 쓰기, 배치, 빠른 입력, 화면 전환. 불필요한 계산은 과감히 생략. 핵심 가치는 정밀한 고속 제어. 벤치마크를 설계
09-landing-and-test-strategy.md:250	16	PR-8 판 번호	(나) 1.0.0-beta를 먼저 내고 1.0.0 예상합니다
09-landing-and-test-strategy.md:278	16	PR-8 판 번호	(나) 1.0.0-beta를 먼저 내고 1.0.0 예상합니다
HANDOFF.md:17	7	소유자 지시	정책 판단이 아니면 축에서 수렴시켜라
HANDOFF.md:18	8	소유자 지시	정책도 원리로 추론 가능한 영역이 있다 — 진짜 판단은 분리하고 나머지는 스웜으로
HANDOFF.md:20	10	소유자 지시	원칙에서 추정 가능한 것과 정말 내가 결정해야 하는 것을 나누고, 추정 가능한 것은 추정 라운드와 검증을 돌려라
HANDOFF.md:27	17	소유자 지시	열여덟도 이번처럼 스웜으로 먼저 수렴시키세요
HANDOFF.md:148	?	소유자 지시	지금 설계문서가 엄청 비대해졌거든? 그래서 이걸 이제 단일 원장으로 증류하는 작업을 진행했으면 해. 지금 작업 마무리하고, 교차검증까지 모두 끝
00-goals.md:151	?	G7	pub-sub / event signaling / batch update는 되도록 유지. 노드 트리의 축이자 고속 동작의 척추
00-goals.md:152	?	G8	JSON Schema 폼 구축의 도그마를 조사하고 가장 보편적이면서 직관적인 UX를 흡수
reviews/round-1.md:176	1	§5의 전환(편집 상태 트리 + 순수 투영)을 받는가	**방향은 받되 형태를 바꿨다.** 중앙에 값을 두는 것은 허용. **데이터 모델을 따로 두지 않는다** — 노드가 React Fiber처럼 동
reviews/round-1.md:177	1	가드는 어떤 값을 보는가 (§4의 충돌)	**방출 값.** "빈 문자열을 '있다'고 보는 게 오히려 이상하다. 그렇게 처리할 거면 omitEmpty를 끄면 된다"
reviews/round-1.md:178	1	계약을 검증기 프로필로 한정하는가 (R1)	**설정은 소비자의 책임.** 플러그인의 `bind`로 인스턴스를 주입할 수 있다. 기본값은 기본값이고 format 검사는 의지적으로 켠다. `
reviews/round-1.md:179	1	순환을 분석 단계에서 금지하는가 (§5-3)	**아니다. 돌려 보고 터뜨린다.** "injectTo나 derived의 무한루프 방어처럼. 몇 회 루프를 돌면 경고하고 error를 throw
reviews/round-2.md:112	2	목표 후보 C1–C8	C2·C3·C4·C6·C7·C8 채택, C5는 질문이 부정확했음(검증의 방언은 플러그인의 영역, 폼은 두 철자를 모두 읽는다)
reviews/round-2.md:113	2	C1 — BE 스키마 위의 FE 표현 층	**Form은 단일 스키마를 받는다. 별도의 입구를 두지 않는다.** "병합을 form이 해야 하는 의도를 모르겠다. 서버 스키마를 수정하지 않
reviews/round-2.md:114	2	C3 — core와 렌더 계층	core는 React를 모른다(런타임도 타입도). 인라인 `FormTypeInput`이 노드를 터미널로 만드는 것은 의도된 기능(터미널 전략이 
reviews/round-2.md:115	2	금지하는 조각	"`if` 블록 내부는 통째로 검증기가 판단한다. 그래도 값 조작은 알아야 값을 처리할 수 있다." → 폼이 읽는 모양을 `properties:
reviews/round-2.md:116	2	상한에 걸렸을 때	**쓰기를 막지 않는다.** "상한 초과가 되면 쓰기가 막히나? 값은 들어가고 유효성 검증 오류가 나는 것 아닌가." 값은 받아들이고 형상만 직
reviews/round-2.md:117	2	비제어 입력의 복구	"이미 작성된 값을 reset하는 인터페이스가 있다. tick 버전을 올리는 방법. 잘 설계해 보라." → 규칙 하나: 커밋된 원본이 그 노드의
reviews/round-2.md:118	2	로드 → 저장의 왕복	"기본적으로 서버 값은 클라이언트가 보낸 값을 그대로 저장했다가 돌려준다고 믿어진다. global dirty / touched도 있다. 그래도 
reviews/round-2.md:119	2	**새 원칙**	"현재 스펙은 form이 값을 적극적으로 바꾼다. 앞으로는 field가 가려지면서 값을 빼내는 걸 제외하고는 입력을 막지 않고 error를 보여
reviews/round-2.md:120	2	값을 통째로 주입할 때의 책임 경계	**소유자 스스로 확신이 없다고 밝혔다.** 교차검증에 올렸다(§6)
reviews/round-4.md:113	4	D-7	form에 값을 씌우는 경우와 기본값을 설정하는 경우가 다르다. props로는 함수 단위 제어가 안 된다.
reviews/round-4.md:115	4	D-9	내부에서 쓰는 값이 아니라, 사용자가 특정 서브트리의 값을 제어·비제어 컴포넌트와 무관하게 최신화하기 위한 사용자 도구
reviews/round-7-convergence.md:144	7	-	정책 결정에도 완전한 판단의 영역과 기반 원칙으로 추론 가능한 영역이 있다. 셋째는 내가 답할 수 있게 분리하고, 둘째 무리는 스웜을 돌려라. 
reviews/round-9-spec.md:108	9	자식 집합 제어	지금 추천을 동의하나 &chiledren:{} 필드도 있었으면 좋겠어. 조각단위 제어 기능도 추가하고, 컨트롤 블록도 허용하길 바라. oneOf
reviews/round-15-apply-spec.md:46	15	-	숏컷을 모두 없애고 중첩 객체로 하는 게 빼기도 편하고 나중에 서버 스키마랑 클라이언트 스키마를 병합하기도 편하겠지
reviews/round-15-apply-spec.md:79	15	-	숏컷을 모두 없애고 중첩 객체로 하는 게 빼기도 편하고 나중에 서버 스키마랑 클라이언트 스키마를 병합하기도 편하겠지
00-goals.md:104	?	C1	병합을 form이 해야 하는 의도를 모르겠다. 서버 스키마를 수정하지 않겠다는 의도 하나 때문에 이중 입구를 만드는 것 아닌가.
00-goals.md:116	?	-	브랜치 노드의 터미널 전략이 압도적으로 저렴해서, 사용자가 되도록 터미널 전략을 쓰게 하려고 설계한 방법. 1종 오류를 감수하고 2종 오류를 배
00-goals.md:117	?	-	렌더러 독립적인, html 관련 어휘고 코어 동작에 영향을 주지 않는다. mjs 환경에서도 그게 컴포넌트 같은 렌더러가 아닐 뿐이지 데이터 표현
03-mental-model.md:3	17	-	각 파트를 나눠서 개발을 진행할 때 어차피 현장 판단이 필요하므로, 이를 위한 원리 원장을 만드는 게 목표다
03-mental-model.md:30	?	-	`if` 안에 `anyOf`·`oneOf`나 더 복잡한 스키마가 올 수 있어 관여하기로 하면 끝이 없다
03-mental-model.md:37	15	-	숏컷을 모두 없애고 중첩 객체로 하는 게 빼기도 편하고 나중에 서버 스키마랑 클라이언트 스키마를 병합하기도 편하겠지
03-mental-model.md:124	?	-	서로 다른 노드에서 하나의 노드로 injectTo를 할 경우 뒤가 이긴다
03-mental-model.md:131	?	-	세부 규칙이 포괄 규칙을 덮는 관례
03-mental-model.md:149	?	-	우리가 참견할 문제가 아니다
03-mental-model.md:173	12	-	스키마로 선언되는 것이 아니고 유효성 검증에도 영향 없다. 그냥 두자.
HANDOFF.md:119	?	-	새 설계가 어떻게 구성되는지 아직 잘 와닿지 않는다. 레드팀 검증 뒤 다시 질문하겠다.
00-goals.md:105	?	C2	각종 에러들의 출력을 적당하게 제공해야 한다. 지금 에러 구조는 꽤 잘 짜여 있을 것이다. 그걸 확장하자.
00-goals.md:106	?	C3	원래 core만 떼어내서 mjs 환경에서 쓸 수 있도록 추상화했고, vue나 svelte 같은 다른 플랫폼에 이식될 수 있는 코어 모듈로 설계한
00-goals.md:107	?	C4	이외에도 JSONSchema 관련 타입 오류는 모두 수정을 원한다. 개발 과정에서 발견되는 것이든 뭐든.
00-goals.md:109	?	C6	input을 건드렸을 때(touched), 값이 바뀌었을 때(dirty)를 기준으로 조합 조건을 갖고 있고 지금 구현도 그렇다. 이건 바뀌지 않
00-goals.md:110	?	C7	스키마폼 관련 모든 버전은 일시에 메이저 버전급 변경을 진행한다.
00-goals.md:108	?	C5	질문이 부정확했다. 검증의 방언은 플러그인의 영역이다(소유자의 지적)
00-goals.md:111	?	C8	채택, 두 층위로. (1) 릴리즈 노트와 배포 문서 (2) 그 수정을 수행할 수 있는 프롬프트
reviews/round-5-derivations.md:3	5	소유자의 지적	읽을 때 가장 무거운 것들은 조사와 구체화로 풀 수 없는가? 정책 판단의 영역인가? 충분히 명답을 찾을 수 있는 영역 같다.
reviews/round-5-derivations.md:7	5	P1'	schema form으로서 특정한 값을 주입했을 때 기대되는 값은 그 값을 '유효성 검사를 통과하는 것으로 교정'하는 건가? 그걸 바랐다면 aj
reviews/round-9-spec.md:19	9	축1	schemaForm은 jsonSchema 문법을 제안하지 않는다. 즉, if 블록에 어떤 표현식이 들어오던 무관하게, 현재 스키마 노드에서 해당
reviews/round-9-spec.md:20	9	축2	if블록 등 컨디션 블록에서 컨디션으로 사용해야 하는 프로퍼티는 properties 에 선언되어야 한다. 이건 제약으로 가지고 가야할 듯 하다(
reviews/round-9-spec.md:21	9	축3	then 블록이나 oneOf 블록, allOf , anyOf 등에서 프로퍼티 노드를 선언할 수 있다. 프로퍼티 노드 선언 제약은 if 블록에 포
reviews/round-9-spec.md:22	9	축4	jsonSchema 설정에 의한 form 변환 및 필드 노출 변환에서 값을 조작하지 않는다.
reviews/round-9-spec.md:23	9	축5	각 노드에서 현재 필드가 가지는 제약(jsonSchema 조건)을 최신화하여 제공할 의무는 스키마폼이 진다. 예컨대 allOf 에 여러 if-t
reviews/round-9-spec.md:24	9	축6	injectTo 는 예외였지만(다이나믹 함수가 아니므로) & 로 시작하는 함수들에 대해서는 완전히 다른 규칙을 적용한다. 이 필드들은 실제로 f
reviews/round-9-spec.md:25	9	축7	jsonSchema 와 & 문법 등은 서로 무관하나, jsonSchema 표현을 & 표현으로 대체할 수 있어야 한다(확장성을 위해). 경우에 따
reviews/round-9-spec.md:26	9	축8	& 표현식과 injectTo 표현식은 모두 form 을 제어하는 특수 예약어로 취급되길 원한다. 지금은 위계도 사이클 타이밍도 미묘한데, 이걸 
reviews/round-9-spec.md:27	9	축9	기존 computed 와 &를 동시 제공하는건 일종의 선택지를 제공한 것이다. 제거해도 무방하나, 제공하는 방향을 선호한다.
reviews/round-9-spec.md:28	9	축10	글로벌 설정식과 로컬 설정식의 동시 제공 및 경합도 기존과 같이 제공하길 바란다.
reviews/round-9-spec.md:32	9	요약 발언	핵심은 최소한의 제약으로 jsonSchema 를 최대한 반영. ui제어는 최대한 & 로 처리 (&를 사용한 노드단위가 아닌 하위 노드 동시제어 
reviews/round-9-spec.md:34	9	요약 발언(이어서)	지금은 논리적 적함성과 개념적 일관성, 예측가능성, 합목적성 등 이론적 지점을 중점으로 다룬다. 실제로 각 파트를 나눠서 개발을 진행할때 어차피
reviews/round-9-spec.md:42	9	읽기1	oneOf/anyOf 분기는 개별 노드의 &active 나 &visible 로 처리될거라 생각했음. 앞서 말했던 자식노드 전반에 대한 표시제어 
reviews/round-9-spec.md:44	9	읽기1(이어서)	당연히 if-then-else 없이 oneOf anyOf 에 퓨어한 선언을 할 수도 있다. 이 경우에는 스키마베이스 폼 브랜치 제어는 안하고, 
reviews/round-9-spec.md:48	9	읽기2	없음인 키를 채움도 포함이다. default 값을 채우는것과 defaultValue 로 전달된 값을 채우는 것, 그리고 drived 나 inje
reviews/round-9-spec.md:52	9	읽기2 채우기 원천	default 는 좀 특이하게 &default 가 아니게 선언도 가능할거같다. 표준 스키마 문법이니. 그러니 &default 가 있으면 그걸 쓰
reviews/round-9-spec.md:56	9	읽기2 시점(A/B)	물어본건 A 여야 할거같은데. 그게 UX상 일관성이 맞아.
reviews/round-9-spec.md:60	9	읽기3	jsonSchema 의 rootNode 에 설정하는 readOnly 나 deabled 같은걸 이야기한 것이다. 물론 그밖에 root 와 loca
reviews/round-9-spec.md:64	9	예약 층의 뜻	추가로 visible 과 readOnly disabled 같은것도 있긴 하다. 참고로 pristine 는 값을 지우는 조건식이다. 즉, acti
reviews/round-9-spec.md:68	9	pristine 정정	아 미안 그렇네 그건 dirty touched 를 초기화하는 플래그구나.... input을 남겨두고 값만 지우는건 없었나보네.... 이건 내 오
reviews/round-15-decisions.md:9	15	1	각 node는 그 자체로 행위의 원천이자 네임스페이스가 된다. oneOf allOf 같은 표현은 동일한 네임스페이스의 서로 다른 표현 위치이지 
reviews/round-15-decisions.md:11	15	3	동의한다(명사화만 진행하라)
reviews/round-15-decisions.md:12	15	4	동의합니다
reviews/round-15-decisions.md:13	15	5	숏컷을 모두 없애고 중첩 객체로 하는 게 빼기도 편하고 나중에 서버 스키마랑 클라이언트 스키마를 병합하기도 편하겠지
reviews/round-15-decisions.md:14	15	6	options와 controls와 품사가 맞지 않지 않아?
reviews/round-15-decisions.md:15	15	7	그룹 이름은 presentation으로 하자
reviews/round-15-decisions.md:21	15	8	예, 이대로 반영
reviews/round-15-decisions.md:10	15	2	네 분류와 형으로 다시 쓰자. injectTo 명사화 동의한다
reviews/round-10-spec.md:3	10	소유자 지시(원문)	원칙에 비추어 추정 가능한 것 / 정말 내가 결정해야 하는 것, 이렇게 나누고, 추정가능한건 추정라운드를 돌려라. 그리고 검증까지. 그래도 결정
reviews/round-6-coherence.md:3	6	소유자의 질문	모든 동작과 인터페이스가 예측 가능하고 합리적이며, 표준적이고 일관된 원리에 기반하는가.
reviews/round-6-coherence.md:144	6	-	형상을 만드는 최소한의 읽기이므로 **P1′ 안에 있다**
reviews/round-11-readiness.md:3	11	소유자의 물음	다 정리되었나? 전체 설계의 건전성과 견고성을 다시 평가하라. 이제 곧 코드 개발 단계로 들어가려
reviews/round-14-values-check.md:3	14	소유자 지시	지금까지 내용을 다시 에이전트 스웜으로 검증하고, 우리의 원칙에 비추어 건전성을 검토해. 일관성, 투명성, 예측가능성, 고속성, 표현자유도가 우
adr/0005-blueprint-analysis-and-node-sharing.md:115	?	합의 근거	- 같은 이름 + 같은 타입이면 노드 하나를 공유한다 — 소유자: "동의합니다."
adr/0005-blueprint-analysis-and-node-sharing.md:116	?	합의 근거	- 타입이 다르면 오류 — 소유자: "타입이 달라버리면 우리로서는 답이 없지만(이 경우엔 오류가 throw 되겠지)." 개정분은 이 오류를 둘로
HANDOFF.md:70	8	소유자 발언	이해하지 못하면 반려한다
reviews/round-7-convergence.md:3	7	소유자의 지시	내가 반드시 결정해야 하는 것이 아니면 에이전트 스웜으로 정합성과 조사 판단을 통해 수렴시켜라. 중심축이 있으니 정책 판단이 아니면 검증해 볼 
reviews/round-11-owner-answers-check.md:3	11	소유자의 요청	나의 응답을 다시 정합성 검증을 돌려. 나는 나 자신조차 정합성을 깨는걸 원치 않는다.
reviews/raw-round17-convergence.md:3	17	소유자 지시(원문)	열여덟도 이번처럼 스웜으로 먼저 수렴시키세요. 남는 것만 제가 직접 보겠습니다
reviews/round-18-owner-answers.md:10	18	원장	커밋을 한번 했습니다. 제안한 방법대로 진행하죠. 형식도 수용합니다. 마지막 라운드로 온전한 결과물을 얻었으면 좋겠네요.
adr/0003-group-namespace.md:46	?	합의 근거	`controls.active`가 거짓이어서 값이 방출에서 빠진 결과를 검증기가 어떻게 판정하는지는 스키마 작성자의 책임이다 — 소유자: "ac
reviews/round-18-owner-answers.md:11	18	12-1	"자동변환을 따로 끄는 옵션은 생각하지 않습니다만, 필요하다고 한다면 form 단위에서 props 로 추가하도록 하시죠" (2026-09-26)
reviews/round-18-owner-answers.md:12	18	12-2	"자동 쓰기 아닙니까? 그리고 trim 전후 값이 같으면 쓰지 않아도 됩니다. 효율적이게." (2026-09-26)
reviews/round-18-owner-answers.md:13	18	12-3	"검증기의 성능은 우리가 관여할 문제가 아닙니다만. 뭘 말하는건지요?" (2026-09-26, 미리보기 댓글)
reviews/round-18-owner-answers.md:14	18	12-4	"경고정도는 주도록 합시다" (2026-09-26)
reviews/round-18-owner-answers.md:15	18	12-5	"source 를 저장하는건 문제 없습니다. 다만, 사용자가 이걸 쓸 일이 있을지는 모르겠군요. 오히려 dirved 가 발화된 경우, input
reviews/round-18-owner-answers.md:16	18	12-6	"두번 읽지 않습니다" (2026-09-26)
reviews/round-18-owner-answers.md:17	18	12-7	"형변환 실패로 문제가 생기는 경우에 대한 대응은 FormType 이 하기로 했잖아. 그래서 개발단계에서는 중요한데, 리얼부터는 어쩔 수 없다고
reviews/round-18-owner-answers.md:18	18	12-8	"이대로 가도 되는데요, value 랑 outputValue 가 다르면, 투영할때만 바뀌는 경우(빠지는 값?)은 어떤게 있죠? 이거 물어보는 이
reviews/round-18-owner-answers.md:19	18	12-9	"같은 종류 맞습니다." (2026-09-26)
reviews/round-18-owner-answers.md:20	18	12-10	"받아들입니다" (2026-09-26)
reviews/round-18-owner-answers.md:21	18	12-8 이어서	"일단 첫번째로 form 외부 입장에서는 이게 outputValue 인거랑 value 를 구분할 필요가 없을거같아. node 의 공개표면 이름은
reviews/round-18-owner-answers.md:22	18	12-8 셋째	"폼 핸들이 오히려 쓸대가 없을거같은데. root node 에 핸들로 추가하고, 개별 노드는 rootNode 의 기능을 경유해서 node.ina
reviews/round-18-owner-answers.md:23	18	닫기 방식	첫 말: "이게 계속 답변을 하고있는데, 계속 답변요청이 나오고있거든? 근데 대부분 보면 깊은 추론을 하면 충분히 유
reviews/round-18-owner-answers.md:24	18	18C 검토 1번	검토 댓글: "이제 서로 다른 type 노드는 사용하는 동작이 다를 뿐, 노드 클래스 자체가 다르지 않아서 이게 가능한건가? 근데 jsonSch
reviews/round-18-owner-answers.md:25	18	18C 검토 3번	검토 댓글: "이게 좀 애매하다. SchemaNode 내부에서는 NodeState 를 써도 되지 않을까 싶긴 한데... 공개 표면으로 나가는거는
reviews/round-18-owner-answers.md:26	18	18C 검토 4번	검토 댓글: "잠깐. default 나 defaultValue 가 영향을 주는건 "최초 로드시" 와 "브랜치가 꺼졌다 켜졌을때 값이 없는 경우"
reviews/round-18-owner-answers.md:27	18	18C 검토 5번	검토 댓글: "브레이킹 체인지를 할거라 제거되는 명령은 없애버려도 됩니다." / "그런데 setSubtreeState·clearSubtreeSt
reviews/round-18-owner-answers.md:28	18	18C 검토 6번	검토 댓글: "기존 용어를 바꿔도 됩니다." / "업계통상용어를 차용하고싶습니다" / 이어서: "6번, 권장안 수용" (2026-09-26)
reviews/round-18-owner-answers.md:29	18	union 범위	대화: "그리고 나머지 이야기는 대충 이해가 됩니다. 브랜치 노드의 자동 노드 변환이나 멀티타입은 너무 위험하겠네요. 그 점에 대해선 이해하고,
reviews/round-18-owner-answers.md:30	18	union 형 없는 분기	검토 댓글: "나 로 할 수 있었으면 좋겠습니다" (2026-09-26)
reviews/round-18-owner-answers.md:31	18	union O1	대화: "아 그건 또 곤란합니다. 기존 사용자가 깨지는건 어차피 감수해야됩니다. 스키마에 쓴 배열 타입을 그대로 출력하는 필드와 node 의 현
reviews/round-18-owner-answers.md:32	18	union O2	검토 댓글: "권장안 수용" (2026-09-26)
reviews/round-18-owner-answers.md:33	18	union O3	검토 댓글: "이거 좀 더 설명을. oneOf /anyOf 는 자식으로 브랜치를 가질 수 없나요? 그럼 깊은 object 객체의 중간 노드가 o
reviews/round-18-owner-answers.md:34	18	union O4	검토 댓글: "추가 설명 필요. ajv 플러그인에 대한 이야기입니까? ajv 의 값변경 옵션에 대해서? 이건 의도적으로 금지해도 됩니다. 저희가
reviews/round-18-owner-answers.md:35	18	union O5	검토 댓글: "권장동의" (2026-09-26)
reviews/round-18-owner-answers.md:36	18	union O6	검토 댓글: "네 동의합니다. 하지만, 반드시 jsonSchema 원래 type 도 전달했으면 좋겠습니다. number -> integer 이걸
reviews/round-18-owner-answers.md:37	18	union O7·O8	검토 댓글(O7): "해당 동작이 논리적으로 정합하다면 괜찮습니다. 저는 제가 불필요한 jsonSchema 의 하위 전용 문법을 만드는걸 원치는
reviews/round-18-owner-answers.md:38	18	설계서 메모 1	"약어 (Decl)을 쓰지말고" (2026-09-27, 설계서 검토)
reviews/round-18-owner-answers.md:39	18	설계서 메모 2	"Fragment 는 매력적인데, React Fregment <></> 랑 충돌할거같구나. 내부명이라 괜찮을거같지만, 그래도 명칭을 바꿨으면 해. SchemaFragment 정도로." (2026-09-27, 설계서 검토)
reviews/round-18-owner-answers.md:40	18	설계서 메모 3	"publish 가 없어진건.. 자의적으로 이벤트를 호출할 수 없어서 좀 그렇긴 한데, 이 4개 기능을 4개로 분할해서 두지 말고 하나의 메소드에 여러 행위 타입을 파라미터로 받아서 행동하게 해줘. 이전에는 publish 에 섞여있어서 메소드로 안보였는데, 이걸 별도 메소드로 빼니까 node 의 정체성이 좀 깨지는걸 action 이나 interaction 
reviews/round-18-owner-answers.md:41	18	설계서 메모 4	"typeMismatch 정도가 적절하지 않나 싶네. 아님 더 짧게 mismatch 같은것도 괜찮고 근데 너무 포괄적이면 또 파악하기 힘드니까.." / 권장(`typeMismatch`·`typeMismatches`·`TYPE_MISMATCH`)에 "그래 그걸로 메모해둬" (2026-09-27, 설계서 검토)
