row_key,column,unit,block_median_difference,cluster_99_low,cluster_99_high,excludes_zero,blocks,bootstrap_trials,row_seed,base_median,candidate_median,correction,base_first_median,candidate_first_median
array-100/off/commits-mount,record,count,0,0,0,false,24,1999,2610160831,2,2,0,0,0
array-100/off/commits-mount-nogc,record,count,0,0,0,false,24,1999,4071867519,2,2,0,0,0
array-100/off/commits-update,record,count,0,0,0,false,24,1999,4142760807,1,1,0,0,0
array-100/off/commits-update-nogc,record,count,0,0,0,false,24,1999,2664996103,1,1,0,0,0
array-100/off/mount-active,verdict,ms,0.2575615092428052,-0.9042925492608447,2.365958469959196,false,24,1999,1467506953,65.9518540024203,65.52524947810161,0,-0.5260609543149712,1.4571879987163356
array-100/off/mount-active-nogc,record,ms,0.45049997315163637,-0.12458349952476055,1.0328950257498946,false,24,1999,1299137093,51.63268751082069,51.102708011057985,0,0.34743745851665153,0.5419370140125466
array-100/off/mount-wall,verdict,ms,0.28158350000012433,-0.9001865000002454,2.3694995000007566,false,24,1999,2827396979,68.11489600000004,67.69972900000039,0,-0.5375830000002679,1.3850419999998849
array-100/off/mount-wall-nogc,record,ms,0.488125000000764,-0.15625100000033854,1.2385205000009591,false,24,1999,3073177163,53.421541499999876,53.00252100000034,0,0.5351254999995945,0.4577290000006542
array-100/off/profiler-mount,record,ms,-0.0464339999978165,-0.9093285000146807,1.6174090000386059,false,24,1999,1184547854,49.24994149997747,48.941622000011876,0,-0.3268460000338109,0.6098924999728297
array-100/off/profiler-mount-nogc,record,ms,0.21772350003448082,-0.04622199980985897,1.110854999910316,false,24,1999,3853335608,40.756905000131155,40.36293699992984,0,0.34354800014352804,0.1802509999006361
array-100/off/profiler-update,record,ms,0.00043799999775728793,-0.008499999988998752,0.00782350000099541,false,24,1999,545736728,0.25836950000348224,0.2587734999967779,0,-0.006613000007064329,0.0029570000026524212
array-100/off/profiler-update-nogc,record,ms,0.0015344999947046745,-0.004493499975978921,0.00588850000531238,false,24,1999,4186909310,0.1982300000026953,0.1972319999958927,0,0.002346999995097576,0.001350999997157487
array-100/off/update-active,verdict,ms,0.0042085349559783936,-0.015290975570678711,0.04212498664855957,false,24,1999,2506720195,0.9458329975605011,0.9383960366249084,0,-0.00475001335144043,0.018916457891464233
array-100/off/update-active-nogc,record,ms,-0.0023754537105560303,-0.027750015258789062,0.017207980155944824,false,24,1999,417039099,0.7167505025863647,0.7155205011367798,0,-0.002666980028152466,0.0007710158824920654
array-100/off/update-wall,verdict,ms,0.0030419999998230196,-0.0202289999997447,0.04300100000000384,false,24,1999,3678003465,0.9403335000001789,0.9343745000001036,0,-0.005061999999952604,0.01852149999967878
array-100/off/update-wall-nogc,record,ms,0.0010204999998677522,-0.027000500000212924,0.016291000001729117,false,24,1999,3562259013,0.7134374999995998,0.7120419999996557,0,0.0010204999998677522,0.0015420000008816714
array-1000/off/commits-mount,record,count,0,0,0,false,24,1999,3577150671,2,2,0,0,0
array-1000/off/commits-mount-nogc,record,count,0,0,0,false,24,1999,3743575599,2,2,0,0,0
array-1000/off/commits-update,record,count,0,0,0,false,24,1999,2577135543,1,1,0,0,0
array-1000/off/commits-update-nogc,record,count,0,0,0,false,24,1999,624689975,1,1,0,0,0
array-1000/off/mount-active,verdict,ms,0.8997080129702226,-2.7412084404004418,5.340146048070892,false,24,1999,1576287993,588.9378124851246,587.423687506438,0,1.7771869889438676,0.058021038055812824
array-1000/off/mount-active-nogc,record,ms,-2.927081989008002,-5.173333507533243,5.292501049218117,false,24,1999,3252590549,516.8966255017585,516.1901255278572,0,-3.8931029671875876,0.38835399322852027
array-1000/off/mount-wall,verdict,ms,1.1038755000008678,-2.6389170000002196,5.32018749999952,false,24,1999,313677379,590.6993125000008,589.0472085000001,0,1.957125000000815,0.6126670000012382
array-1000/off/mount-wall-nogc,record,ms,-3.060229499998968,-5.402957999998762,7.4187295000083395,false,24,1999,188045947,519.0845420000041,518.0120624999981,0,-4.082520999996632,0.3343130000066594
array-1000/off/profiler-mount,record,ms,0.5124979995252943,-2.6322700005184743,4.282206500745815,false,24,1999,3538961118,443.44179800039456,442.5958565000037,0,-0.11071300003641227,1.7191670013799012
array-1000/off/profiler-mount-nogc,record,ms,-1.1579044977406738,-5.386089998828538,4.9561965000903,false,24,1999,3551916968,392.2375060002232,391.479939000601,0,-2.753976499698183,0.573343497060705
array-1000/off/profiler-update,record,ms,-0.008363500062841922,-0.033802999980252935,0.02475599997342215,false,24,1999,2158175528,0.6869519999581826,0.6853334999650542,0,-0.03346799992141314,0.009120499984419439
array-1000/off/profiler-update-nogc,record,ms,-0.0033119998042820953,-0.009530999755952507,0.007411499987938441,false,24,1999,2786604270,0.5063844998876448,0.5077570000430569,0,-0.0020144998416071758,-0.003754500030481722
array-1000/off/update-active,verdict,ms,0.03137451410293579,-0.10504204034805298,0.27610448002815247,false,24,1999,3784178547,2.092292010784149,2.084146022796631,0,0.03137451410293579,0.00422900915145874
array-1000/off/update-active-nogc,record,ms,0.020291507244110107,-0.0744590163230896,0.055792033672332764,false,24,1999,4228772427,1.4146040081977844,1.3877085149288177,0,0.021916508674621582,0.015875011682510376
array-1000/off/update-wall,verdict,ms,0.03131300000313786,-0.09208350000153587,0.27595800000199233,false,24,1999,2810534041,2.0867084999990766,2.0794999999998254,0,0.03131300000313786,0.0030829999996058177
array-1000/off/update-wall-nogc,record,ms,0.022666999990178738,-0.07483399998454843,0.05870900000445545,false,24,1999,2815508597,1.4104795000021113,1.3812084999954095,0,0.02354199999535922,0.015165999997407198
array-500/off/commits-mount,record,count,0,0,0,false,24,1999,3855753891,2,2,0,0,0
array-500/off/commits-mount-nogc,record,count,0,0,0,false,24,1999,898723547,2,2,0,0,0
array-500/off/commits-update,record,count,0,0,0,false,24,1999,957492747,1,1,0,0,0
array-500/off/commits-update-nogc,record,count,0,0,0,false,24,1999,2657669475,1,1,0,0,0
array-500/off/mount-active,verdict,ms,-1.1560829732770799,-6.193501042915159,0.1219160039217968,false,24,1999,2983199037,301.8735414513649,304.07341697869015,0,-1.3338744831080476,-1.1560829732770799
array-500/off/mount-active-nogc,record,ms,-2.7079574725248676,-4.282229985510639,0.3182080387996393,false,24,1999,603430209,253.65268749332245,256.67258350814154,0,-3.2705629717747797,-2.383124490886985
array-500/off/mount-wall,verdict,ms,-1.253437499998654,-6.118250999996235,0.17318750000049477,false,24,1999,1494828087,304.20308300000033,306.49258349999945,0,-1.3384790000000066,-1.253437499998654
array-500/off/mount-wall-nogc,record,ms,-2.881707999997161,-3.810041500000807,-0.009437000000616536,true,24,1999,2841954487,255.6359999999986,258.7451669999973,0,-3.0308749999967404,-2.6872289999955683
array-500/off/profiler-mount,record,ms,-0.9041854997776682,-3.8342740000334743,0.4915774997571134,false,24,1999,2096945930,232.05279350045203,233.80152849975093,0,-0.7355284999848664,-0.9152860001204317
array-500/off/profiler-mount-nogc,record,ms,-2.220044499823416,-4.360584999572893,0.8031400000363647,false,24,1999,2870699180,194.82433000047968,196.8005845002299,0,-2.5019954999370384,-1.8009819998187595
array-500/off/profiler-update,record,ms,-0.002447500049129303,-0.011216499982765527,0.0028580000616784673,false,24,1999,2353739908,0.4300274999923204,0.4346170000226266,0,-0.00135199997566815,-0.005885499955184059
array-500/off/profiler-update-nogc,record,ms,-0.005981000063911779,-0.011013500021363143,0.00024799992388579994,false,24,1999,992511650,0.32731099997545243,0.33221600006436347,0,-0.007999000008567236,-0.004253000071912538
array-500/off/update-active,verdict,ms,-0.018103986978530884,-0.034708499908447266,0.022895991802215576,false,24,1999,2602124631,4.04585400223732,4.082458466291428,0,-0.023499518632888794,0.0033124685287475586
array-500/off/update-active-nogc,record,ms,-0.01364600658416748,-0.07770907878875732,0.06602099537849426,false,24,1999,3159027671,1.0933119654655457,1.1067079901695251,0,0.06602099537849426,-0.05189603567123413
array-500/off/update-wall,verdict,ms,-0.018292000002475106,-0.036833000003753114,0.022250000000894943,false,24,1999,4291737357,4.039915999997902,4.076062500000262,0,-0.02370850000079372,0.002416500001345412
array-500/off/update-wall-nogc,record,ms,-0.013436999997793464,-0.08506300000590272,0.07060449999335106,false,24,1999,2868213681,1.0893540000033681,1.102167000004556,0,0.0667704999941634,-0.0526670000035665
array-push-100/off/commits-mount,record,count,0,0,0,false,24,1999,1341656048,2,2,0,0,0
array-push-100/off/commits-mount-nogc,record,count,0,0,0,false,24,1999,1352238550,2,2,0,0,0
array-push-100/off/commits-update,record,count,0,0,0,false,24,1999,2100909718,100,100,0,0,0
array-push-100/off/commits-update-nogc,record,count,0,0,0,false,24,1999,304791392,100,100,0,0,0
array-push-100/off/mount-active,verdict,ms,0.0007089503164934285,-0.0037480655082617886,0.007395976415637051,false,24,1999,3185389864,1.626479998056766,1.6260625213662934,0,-0.00010354605183238164,0.0017089611924347992
array-push-100/off/mount-active-nogc,record,ms,0.0016454728202006663,-0.004333479936576623,0.0065410483457526425,false,24,1999,916674798,0.6981249663276685,0.6965209971949662,0,0.0016454728202006663,0.0023965312338987133
array-push-100/off/mount-wall,verdict,ms,0.0006039999998392886,-0.006313000000318425,0.006790999999793712,false,24,1999,3438970718,4.131645999999819,4.131437500000175,0,0.00008299999944938463,0.0011459999998351122
array-push-100/off/mount-wall-nogc,record,ms,0.0022920000010344665,-0.004812000000129046,0.009749999999257852,false,24,1999,3523715368,3.203207999999904,3.2032085000000734,0,0.003708500001266657,0.001479000000472297
array-push-100/off/profiler-mount,record,ms,0.0005250000117484888,-0.0039559999995617545,0.006212000006598828,false,24,1999,2841079107,1.1975849999989805,1.1962110000004031,0,-0.0001509999940481066,0.0007790000104250794
array-push-100/off/profiler-mount-nogc,record,ms,-0.0009619999991627992,-0.004315499999393069,0.0061729999961244175,false,24,1999,2505498491,0.4979970000013054,0.4986229999931311,0,0.0010195000149906264,-0.0021570000008068746
array-push-100/off/profiler-update,record,ms,0.0010670000588106632,-0.5172829999969508,0.2498369999186707,false,24,1999,3206080811,52.79282899999225,52.904013499944085,0,0.09262299998067647,-0.3182365000111531
array-push-100/off/profiler-update-nogc,record,ms,-0.005824000347274705,-0.25703699986661377,0.31812699968031666,false,24,1999,483720963,41.46125649995156,41.43672049996712,0,0.04630649971750245,-0.024642000204949
array-push-100/off/update-active,verdict,ms,-0.09988269209861755,-0.8329324722290039,0.8231763243675232,false,24,1999,636982656,108.88045918941498,109.09728917479515,0,-0.05550104379653931,-0.22364920377731323
array-push-100/off/update-active-nogc,record,ms,0.038398027420043945,-0.3221651017665863,0.7105666100978851,false,24,1999,3264855558,82.40420970320702,82.28741872310638,0,0.07124912738800049,0.01910531520843506
array-push-100/off/update-wall,verdict,ms,-0.1027085000059742,-0.8478475000015351,0.8289559999952871,false,24,1999,2082688358,108.82635699999855,109.04914800000051,0,-0.052397500001461594,-0.21927599999344238
array-push-100/off/update-wall-nogc,record,ms,0.03581300000223564,-0.29354200002126163,0.7084355000015421,false,24,1999,1327073296,82.36247999999705,82.25512100000105,0,0.0669164999962959,0.02427750000879314
array-push-remove-100/off/commits-mount,record,count,0,0,0,false,24,1999,2783333045,2,2,0,0,0
array-push-remove-100/off/commits-mount-nogc,record,count,0,0,0,false,24,1999,22194681,2,2,0,0,0
array-push-remove-100/off/commits-update,record,count,0,0,0,false,24,1999,768249737,200,200,0,0,0
array-push-remove-100/off/commits-update-nogc,record,count,0,0,0,false,24,1999,2926456261,200,200,0,0,0
array-push-remove-100/off/mount-active,verdict,ms,0.000731047555746045,-0.014207451453785325,0.01291499214948999,false,24,1999,1262785335,1.5394999863187877,1.5379999904630495,0,0.00031351069219454075,0.000918044933314377
array-push-remove-100/off/mount-active-nogc,record,ms,-0.0004785009896295378,-0.008458528995106462,0.007750974249574938,false,24,1999,2890593719,0.6706675061068381,0.6706035026581958,0,0.00004198765782348346,-0.003541516451150528
array-push-remove-100/off/mount-wall,verdict,ms,0.002208500000051572,-0.011228500000470376,0.016395500000726315,false,24,1999,1383781613,4.044104000000061,4.041916499999843,0,0.002208500000051572,0.0013744999996561091
array-push-remove-100/off/mount-wall-nogc,record,ms,-0.0007914999996501138,-0.009770499999831372,0.007124999998268322,false,24,1999,307213201,3.176458499999171,3.1785210000016377,0,0.005812000001242268,-0.004270500000529864
array-push-remove-100/off/profiler-mount,record,ms,-0.0017930000021806336,-0.008666999993693025,0.008538000000044121,false,24,1999,1897037276,1.1313805000058892,1.1311929999965287,0,-0.0040430000071864924,0.0006020000059834274
array-push-remove-100/off/profiler-mount-nogc,record,ms,-0.0005425000190371065,-0.011063500004638627,0.0025409999889234314,false,24,1999,4102193978,0.4890804999968168,0.4901200000113022,0,-0.0004360000075394055,-0.0008945000281528337
array-push-remove-100/off/profiler-update,record,ms,0.08690149973244843,-0.08873349989062262,0.6290839999101081,false,24,1999,1473646802,61.7464504999989,61.6303934999346,0,0.08043999998471918,0.10655149971762512
array-push-remove-100/off/profiler-update-nogc,record,ms,0.0723874999803229,-0.35785599990686023,0.4183954999607522,false,24,1999,319303284,47.46552600013365,47.439499500278544,0,0.0723874999803229,-0.003648999955657928
array-push-remove-100/off/update-active,verdict,ms,0.13831743597984314,-0.2914606034755707,1.6054887175559998,false,24,1999,403426221,162.39016249775887,161.9134369790554,0,0.31344541907310486,0.09424823522567749
array-push-remove-100/off/update-active-nogc,record,ms,-0.00632902979850769,-0.5775086581707001,1.010463833808899,false,24,1999,1176535249,122.24149948358536,122.00416845083237,0,0.3799278438091278,-0.08791553974151611
array-push-remove-100/off/update-wall,verdict,ms,0.13420549999182185,-0.29633700000795216,1.6135600000234263,false,24,1999,39727239,162.30318249999937,161.83981050000511,0,0.32230999999228516,0.08506049998641174
array-push-remove-100/off/update-wall-nogc,record,ms,-0.013628000006065122,-0.4397240000016609,0.980079999994814,false,24,1999,2521155623,122.18531699999676,121.94795700000213,0,0.38560799999777373,-0.08539749999363266
array-replace-200/off/commits-mount,record,count,0,0,0,false,24,1999,3848211251,2,2,0,0,0
array-replace-200/off/commits-mount-nogc,record,count,0,0,0,false,24,1999,2963327627,2,2,0,0,0
array-replace-200/off/commits-update,record,count,0,0,0,false,24,1999,288186459,1,1,0,0,0
array-replace-200/off/commits-update-nogc,record,count,0,0,0,false,24,1999,4048641683,1,1,0,0,0
array-replace-200/off/mount-active,verdict,ms,-0.005541534332223819,-0.01839549389296735,0.008292986044125428,false,24,1999,4000739245,1.8356465336723886,1.8402499835492563,0,-0.002770029031125887,-0.011979512012658233
array-replace-200/off/mount-active-nogc,record,ms,-0.0002289752064825734,-0.0047295441590904375,0.010062536387522414,false,24,1999,685206737,0.8230625073347255,0.8236879846499505,0,0.00004249051744409371,-0.0002289752064825734
array-replace-200/off/mount-wall,verdict,ms,-0.006625499999927342,-0.018083999999817024,0.008082999999714957,false,24,1999,2427925639,4.341499999999996,4.3478125000001455,0,-0.00977100000000064,-0.0051664999998592975
array-replace-200/off/mount-wall-nogc,record,ms,-0.001353999999082589,-0.007791999998516985,0.002790999998978805,false,24,1999,1345311783,3.304457999999613,3.304541500000596,0,0.000958000001446635,-0.0033124999990832293
array-replace-200/off/profiler-mount,record,ms,-0.008945499999754247,-0.012129000004279078,-0.0017735000024003966,true,24,1999,4153967386,1.2596030000058818,1.266772500006482,0,-0.004710499998054729,-0.011225000001559238
array-replace-200/off/profiler-mount-nogc,record,ms,-0.0011334999999235151,-0.005744000003687688,0.006791500010876916,false,24,1999,391627740,0.5836424999970404,0.5842924999960815,0,0.000638500006061804,-0.0011644999922282295
array-replace-200/off/profiler-update,record,ms,-0.3464165002255868,-1.045842500062463,0.7805130000265308,false,24,1999,3580289364,88.88157150005372,89.26392949996898,0,0.001382499895953515,-0.5691690001904135
array-replace-200/off/profiler-update-nogc,record,ms,-0.04261950006002735,-0.8968414999581,0.4825789999904373,false,24,1999,3801308498,72.82500450000134,72.98780099996111,0,0.07351200013454218,-0.42868849990372837
array-replace-200/off/update-active,verdict,ms,-0.1729165017604828,-1.4303334951398483,0.6372500658035278,false,24,1999,1959007943,115.65531250834465,116.26829153299332,0,-0.009270548820495605,-0.278145968914032
array-replace-200/off/update-active-nogc,record,ms,-0.004770517349243164,-0.8720625042915344,0.5163739919662476,false,24,1999,2357042407,93.83477100729942,93.9846039712429,0,0.15335452556610107,-0.5326040089130402
array-replace-200/off/update-wall,verdict,ms,-0.17270849999999882,-1.3045409999995172,0.653812000000471,false,24,1999,831753053,115.65154150000035,116.26445850000027,0,-0.009562499999447027,-0.2769789999997556
array-replace-200/off/update-wall-nogc,record,ms,-0.005250000000160071,-0.8225420000017039,0.5165830000005371,false,24,1999,2537707873,93.83120849999887,93.97939549999955,0,0.15316650000022491,-0.5332289999996647
computed-visible-derived/off/commits-mount,record,count,0,0,0,false,24,1999,379913870,2,2,0,0,0
computed-visible-derived/off/commits-mount-nogc,record,count,0,0,0,false,24,1999,2540659640,2,2,0,0,0
computed-visible-derived/off/commits-update,record,count,0,0,0,false,24,1999,548272024,3,3,0,0,0
computed-visible-derived/off/commits-update-nogc,record,count,0,0,0,false,24,1999,1311987966,3,3,0,0,0
computed-visible-derived/off/mount-active,verdict,ms,0.00022901844980083297,-0.009583995342211438,0.01837594707109247,false,24,1999,3586329294,2.344770485126489,2.3453959723434536,0,0.014833459175122243,-0.0015415398159177585
computed-visible-derived/off/mount-active-nogc,record,ms,-0.003562030040711761,-0.029206963355818516,0.02247952789497276,false,24,1999,2729502840,1.0363750059604513,1.0397090284824344,0,-0.014291547389973402,0.009853010967219689
computed-visible-derived/off/mount-wall,verdict,ms,-0.002792000000056305,-0.015000500000041939,0.019228999999995722,false,24,1999,2048833768,4.848666999999978,4.847207999999966,0,0.017958500000077038,-0.005749999999977717
computed-visible-derived/off/mount-wall-nogc,record,ms,0.015354499999943982,-0.01722949999998491,0.025333000000046013,false,24,1999,4177360942,3.5312084999999342,3.5261460000000397,0,0.006583500000033382,0.01968750000014552
computed-visible-derived/off/profiler-mount,record,ms,0.0020845000001941116,-0.013383000000771972,0.022035000000641958,false,24,1999,768855777,1.8462759999997616,1.8417455000001155,0,0.01710899999955018,-0.0031989999994266327
computed-visible-derived/off/profiler-mount-nogc,record,ms,-0.0005024999999250213,-0.015723000001116816,0.018361500000310116,false,24,1999,4241458013,0.806938000000855,0.8091839999998456,0,-0.007206000001929169,0.0099284999990914
computed-visible-derived/off/profiler-update,record,ms,0.005145000000595701,-0.004924500000413445,0.010799999999960619,false,24,1999,208652069,0.4759800000002201,0.47491449999989754,0,0.008546499999965818,0.004457500000000891
computed-visible-derived/off/profiler-update-nogc,record,ms,0.0001895000001468361,-0.004590000002167471,0.010601000004726302,false,24,1999,1602370569,0.34092149999844423,0.33997350000117876,0,-0.004167499999766733,0.00661200000251938
computed-visible-derived/off/update-active,verdict,ms,0.003959566354751587,-0.020311981439590454,0.01402100920677185,false,24,1999,1607089818,1.467979520559311,1.4660009741783142,0,0.005625098943710327,0.0027094483375549316
computed-visible-derived/off/update-active-nogc,record,ms,0.005187511444091797,-0.009144514799118042,0.023187965154647827,false,24,1999,2428114524,0.9635835289955139,0.964187502861023,0,0.0033960938453674316,0.005187511444091797
computed-visible-derived/off/update-wall,verdict,ms,0.0038754999998786843,-0.021562500000129603,0.014063000000021475,false,24,1999,1230204644,1.465270500000031,1.463062500000035,0,0.005291999999940344,0.0021459999999819956
computed-visible-derived/off/update-wall-nogc,record,ms,0.0051659999998037165,-0.007625000000189175,0.023250000000189175,false,24,1999,3882427906,0.9622504999999819,0.962791500000094,0,0.003519999999639367,0.0051659999998037165
flat-100/off/commits-mount,record,count,0,0,0,false,24,1999,459114595,2,2,0,0,0
flat-100/off/commits-mount-nogc,record,count,0,0,0,false,24,1999,1681252891,2,2,0,0,0
flat-100/off/commits-update,record,count,0,0,0,false,24,1999,1216049867,10,10,0,0,0
flat-100/off/commits-update-nogc,record,count,0,0,0,false,24,1999,4012154787,10,10,0,0,0
flat-100/off/mount-active,verdict,ms,0.01089699233432384,-0.35897945299529965,0.22116601162724692,false,24,1999,163732733,14.417000013204586,14.369750006198899,0,0.01089699233432384,0.07981249040790317
flat-100/off/mount-active-nogc,record,ms,-0.02139551830259734,-0.17766601037965302,0.1470419497486546,false,24,1999,2403458945,11.341729011920961,11.367062488794318,0,-0.14425050295267283,0.0984789967535562
flat-100/off/mount-wall,verdict,ms,0.017583499999773267,-0.29960350000010294,0.24841600000013386,false,24,1999,1409844215,16.603916500000082,16.56579150000016,0,0.017583499999773267,0.05670800000007148
flat-100/off/mount-wall-nogc,record,ms,-0.0008754999996654078,-0.16575000000011642,0.15552049999996598,false,24,1999,1612217591,12.465979000000289,12.476145999999972,0,-0.09210450000000492,0.10274949999984528
flat-100/off/profiler-mount,record,ms,0.007693000005929207,-0.3524619999934657,0.18790100001660903,false,24,1999,2491279818,11.895722000001456,11.892706499986502,0,0.007693000005929207,-0.012783499996999126
flat-100/off/profiler-mount-nogc,record,ms,-0.029078000001391047,-0.17280799999753071,0.14401449998149474,false,24,1999,2231215084,8.156934999997247,8.182851499998833,0,-0.10757149997766646,0.11741649999135007
flat-100/off/profiler-update,record,ms,0.013904999999226675,-0.04431849999843962,0.03872500000511536,false,24,1999,157664836,0.9082310000032976,0.901279500004307,0,0.031213500004128036,-0.0042470000076946235
flat-100/off/profiler-update-nogc,record,ms,-0.008653000006688671,-0.036272999983339105,0.03456349999783015,false,24,1999,3085988322,0.6370214999994914,0.6363334999959989,0,-0.010095500004581481,-0.00863299999400624
flat-100/off/update-active,verdict,ms,-0.018313556909561157,-0.12489649653434753,0.15162396430969238,false,24,1999,259840279,3.1031054854393005,3.137438416481018,0,0.08531108498573303,-0.0676875114440918
flat-100/off/update-active-nogc,record,ms,-0.04093748331069946,-0.11383295059204102,0.10529151558876038,false,24,1999,3693316887,2.2531454861164093,2.2645829617977142,0,-0.058791518211364746,0.00906190276145935
flat-100/off/update-wall,verdict,ms,-0.01829250000025695,-0.12103999999976622,0.15062600000010207,false,24,1999,3029297869,3.0986255000001393,3.1328969999995024,0,0.08304099999998016,-0.06987349999968728
flat-100/off/update-wall-nogc,record,ms,-0.04045800000062627,-0.11341600000105245,0.10470900000109395,false,24,1999,2984018929,2.2493124999996326,2.26006150000012,0,-0.05835499999921012,0.009375999999065243
flat-50/off/commits-mount,record,count,0,0,0,false,24,1999,3150662319,2,2,0,0,0
flat-50/off/commits-mount-nogc,record,count,0,0,0,false,24,1999,2354770447,2,2,0,0,0
flat-50/off/commits-update,record,count,0,0,0,false,24,1999,1124991511,10,10,0,0,0
flat-50/off/commits-update-nogc,record,count,0,0,0,false,24,1999,622118423,10,10,0,0,0
flat-50/off/mount-active,verdict,ms,-0.0316034779186225,-0.08018801239785489,0.23224952822488376,false,24,1999,4167019993,7.914313006731049,7.889437002952604,0,-0.02933296232987459,-0.03760347806559139
flat-50/off/mount-active-nogc,record,ms,0.03635452246658133,-0.1947915044936508,0.16977049127012833,false,24,1999,168613173,5.731062488317548,5.595749536716539,0,-0.024310938616054045,0.04333446029465904
flat-50/off/mount-wall,verdict,ms,-0.0035415000000398322,-0.10714600000005703,0.11420800000007603,false,24,1999,4115723299,10.113979499999914,10.098375000000033,0,-0.03052050000002282,0.032624999999939064
flat-50/off/mount-wall-nogc,record,ms,0.008374500000286389,-0.06918749999999818,0.1537914999998975,false,24,1999,3653600091,7.492291499999851,7.440958000000137,0,0.04764549999993051,-0.05310400000007576
flat-50/off/profiler-mount,record,ms,0.015497999999524836,-0.04961049999627676,0.17075750000060452,false,24,1999,2060461758,6.621222000001239,6.583001999999453,0,0.0003714999967883159,0.033422000000314256
flat-50/off/profiler-mount-nogc,record,ms,0.018276499989497097,-0.03613500000506065,0.04693699999461387,false,24,1999,1641954184,4.301584500002491,4.2817120000021305,0,0.023175999998898078,0.018276499989497097
flat-50/off/profiler-update,record,ms,0.013850499999421118,-0.020237999999949352,0.05608299999744304,false,24,1999,2413391752,0.8890440000008084,0.8746465000012904,0,0.03775900000027832,0.0012219999986768926
flat-50/off/profiler-update-nogc,record,ms,0.019710499996222097,0.00029600000289065065,0.045806499996388084,true,24,1999,1054933710,0.554008499999668,0.5346390000015617,0,0.01500899999655303,0.030146000000627282
flat-50/off/update-active,verdict,ms,0.06364580988883972,-0.08141791820526123,0.14448103308677673,false,24,1999,2186597459,2.9515635669231415,2.9095624685287476,0,0.10599943995475769,0.016189515590667725
flat-50/off/update-active-nogc,record,ms,0.05910345911979675,-0.0324995219707489,0.1818743646144867,false,24,1999,2197239979,1.994145393371582,1.927397459745407,0,0.051208436489105225,0.06158497929573059
flat-50/off/update-wall,verdict,ms,0.06329049999993686,-0.07229299999971772,0.15095750000023145,false,24,1999,865362809,2.9471244999997452,2.904791500000556,0,0.10474849999945945,0.016624999999862666
flat-50/off/update-wall-nogc,record,ms,0.05414549999943574,-0.038768999999206244,0.1806034999995063,false,24,1999,3027887445,1.9900199999999586,1.9241874999996753,0,0.051081999999155414,0.057248500000014246
flat-500/off/commits-mount,record,count,0,0,0,false,24,1999,1192935039,2,2,0,0,0
flat-500/off/commits-mount-nogc,record,count,0,0,0,false,24,1999,2970759103,2,2,0,0,0
flat-500/off/commits-update,record,count,0,0,0,false,24,1999,2881489959,10,10,0,0,0
flat-500/off/commits-update-nogc,record,count,0,0,0,false,24,1999,2515369799,10,10,0,0,0
flat-500/off/mount-active,verdict,ms,-0.2537080456295371,-1.912771020027776,0.5689380099772734,false,24,1999,4135021769,71.06439651478195,71.48289601436022,0,-0.0016455224110814015,-1.2347700215495934
flat-500/off/mount-active-nogc,record,ms,-0.009000485692922666,-0.9291459882251729,0.5817080085835187,false,24,1999,741577861,56.185666016965115,56.20554147505845,0,-0.31318896950051567,0.1036665012834419
flat-500/off/mount-wall,verdict,ms,-0.33972900000048867,-2.074021000000812,0.4978124999997817,false,24,1999,3089409843,73.27558299999964,73.67006249999986,0,0.048791499999879306,-1.2031880000004094
flat-500/off/mount-wall-nogc,record,ms,0.07577150000088295,-0.7765004999992016,0.7082080000000133,false,24,1999,3479871115,57.91114600000037,57.88993749999918,0,0.015542000000095868,0.3030415000011999
flat-500/off/profiler-mount,record,ms,0.10213499995597886,-1.3662289999936092,0.6550555000399072,false,24,1999,1582038990,58.79860600000757,58.96789549997493,0,0.2997840000625729,-1.0675335000505584
flat-500/off/profiler-mount-nogc,record,ms,-0.008317999904647877,-0.6583825002217054,0.2227430001785251,false,24,1999,1911981944,45.26165450004282,45.35623650011439,0,-0.3629385000322145,0.06668500016257894
flat-500/off/profiler-update,record,ms,-0.026787500009049836,-0.06746199999383862,0.024792999975488783,false,24,1999,2470210520,1.5413005000050362,1.5818884999953298,0,-0.019738499909408347,-0.026787500009049836
flat-500/off/profiler-update-nogc,record,ms,0.0026645000698408694,-0.02829600005679822,0.06992099997296464,false,24,1999,2319157950,1.06950049997522,1.0599384999823087,0,0.004590500101585349,0.0006935000237717759
flat-500/off/update-active,verdict,ms,-0.046336352825164795,-0.29218608140945435,0.09529152512550354,false,24,1999,3221249155,7.548312038183212,7.638478547334671,0,-0.027146965265274048,-0.11479401588439941
flat-500/off/update-active-nogc,record,ms,-0.002206355333328247,-0.11410146951675415,0.25437498092651367,false,24,1999,1021516347,3.934979557991028,3.8955629467964172,0,-0.017020851373672485,0.014730572700500488
flat-500/off/update-wall,verdict,ms,-0.045354500001849374,-0.28854149999983747,0.08333199999924545,false,24,1999,1283938761,7.542062000000442,7.632292499999949,0,-0.025208000000475295,-0.1153130000013789
flat-500/off/update-wall-nogc,record,ms,-0.002437999998619489,-0.09775199999967299,0.2620630000019446,false,24,1999,3222281093,3.9299995000028503,3.889603499998884,0,-0.016395499998907326,0.013770999997177569
nested-d3-f4/off/commits-mount,record,count,0,0,0,false,24,1999,3102923966,2,2,0,0,0
nested-d3-f4/off/commits-mount-nogc,record,count,0,0,0,false,24,1999,281599368,2,2,0,0,0
nested-d3-f4/off/commits-update,record,count,0,0,0,false,24,1999,1618866568,10,10,0,0,0
nested-d3-f4/off/commits-update-nogc,record,count,0,0,0,false,24,1999,2587756750,10,10,0,0,0
nested-d3-f4/off/mount-active,verdict,ms,0.03908298906901564,-0.1725839880791682,0.2747929478054516,false,24,1999,137230174,12.201145003997908,12.117353954700377,0,0.05170999490167105,0.00085347142601222
nested-d3-f4/off/mount-active-nogc,record,ms,0.0829159571760556,-0.15554148244837052,0.489541999192852,false,24,1999,1044771112,8.905791509206665,8.66818647744185,0,0.06766600319110694,0.1356879601842138
nested-d3-f4/off/mount-wall,verdict,ms,0.048667499999965,-0.11464650000016263,0.2761039999999184,false,24,1999,2705801688,14.398395999999934,14.329062500000077,0,0.04289700000003904,0.058583499999940614
nested-d3-f4/off/mount-wall-nogc,record,ms,0.03464599999983875,-0.17495899999994435,0.1981670000000122,false,24,1999,3621162174,10.68466699999999,10.66172900000015,0,0.06691700000010314,0.02002049999987321
nested-d3-f4/off/profiler-mount,record,ms,0.013659999998935746,-0.08050049999405928,0.150347000005695,false,24,1999,2223035729,9.828998500001944,9.740463000001455,0,0.09159950000912431,-0.013483999997447427
nested-d3-f4/off/profiler-mount-nogc,record,ms,0.028672000000369735,-0.0809899999778736,0.10889849998875434,false,24,1999,2946477101,6.811663500001714,6.787264999994477,0,0.031244999996715705,0.009180999991031058
nested-d3-f4/off/profiler-update,record,ms,0.011200499996277813,-0.04774350000320737,0.059859999999616775,false,24,1999,2632865493,1.1469814999969685,1.126962000004255,0,-0.017282500002806955,0.0504060000013169
nested-d3-f4/off/profiler-update-nogc,record,ms,0.010242999989941382,-0.021521499999153093,0.08110299999498238,false,24,1999,891756825,0.7744020000072851,0.75565300000153,0,0.005227499997545237,0.020933999988301366
nested-d3-f4/off/update-active,verdict,ms,0.02164846658706665,-0.11329096555709839,0.169854998588562,false,24,1999,2934618922,3.4212085008621216,3.372062474489212,0,-0.06866645812988281,0.1477920413017273
nested-d3-f4/off/update-active-nogc,record,ms,0.07958543300628662,-0.07103896141052246,0.3464374840259552,false,24,1999,2657584972,2.5098343789577484,2.448208510875702,0,0.07958543300628662,0.09574940800666809
nested-d3-f4/off/update-wall,verdict,ms,0.020978499999955602,-0.1261655000000701,0.16858000000001994,false,24,1999,2501241044,3.416041000000064,3.367748000000006,0,-0.06833349999965321,0.14470800000009376
nested-d3-f4/off/update-wall-nogc,record,ms,0.07876850000138802,-0.07041899999967427,0.3809360000002471,false,24,1999,1417319378,2.504749999999831,2.4440634999998565,0,0.07876850000138802,0.09579250000047068
nested-d5-f4/off/commits-mount,record,count,0,0,0,false,24,1999,1820461752,2,2,0,0,0
nested-d5-f4/off/commits-mount-nogc,record,count,0,0,0,false,24,1999,419255454,2,2,0,0,0
nested-d5-f4/off/commits-update,record,count,0,0,0,false,24,1999,3852852062,10,10,0,0,0
nested-d5-f4/off/commits-update-nogc,record,count,0,0,0,false,24,1999,3973356840,10,10,0,0,0
nested-d5-f4/off/mount-active,verdict,ms,-0.7529995201175552,-4.036771033139303,3.2963544988983813,false,24,1999,1769111728,198.5292714716834,198.28645847791813,0,0.7893954742503411,-1.407271008344651
nested-d5-f4/off/mount-active-nogc,record,ms,1.0868960396674083,-1.0225430191858322,2.429062015917225,false,24,1999,2047552534,156.94933397391833,156.8708964745456,0,-0.21006200685951626,1.5809160239678022
nested-d5-f4/off/mount-wall,verdict,ms,-0.7931454999989,-4.475875000000087,3.5006454999997914,false,24,1999,2622274742,200.7439585000002,200.5272079999986,0,0.4820204999996349,-1.4108750000004875
nested-d5-f4/off/mount-wall-nogc,record,ms,0.7752920000020822,-1.9828750000015134,2.439041999998153,false,24,1999,2108710144,158.5261249999985,158.66966700000012,0,-0.34558349999861093,1.5225210000007792
nested-d5-f4/off/profiler-mount,record,ms,-0.90689200024417,-2.4286749998836967,2.9815334998784238,false,24,1999,1429467819,148.25798599995414,148.21626899984858,0,0.253417500121941,-1.5080415000143148
nested-d5-f4/off/profiler-mount-nogc,record,ms,0.6565395000070566,-1.5222499998817511,1.2340969997749198,false,24,1999,630176643,118.18709349974415,118.24796050018631,0,0.3172084998914215,0.8038970000998233
nested-d5-f4/off/profiler-update,record,ms,0.01791199998206139,-0.06041800002458331,0.07832499996584374,false,24,1999,2440445651,1.6900840000407698,1.6934885000828217,0,0.001808500052902673,0.01791199998206139
nested-d5-f4/off/profiler-update-nogc,record,ms,0.014896999975462677,-0.03263899994271924,0.038689000026352005,false,24,1999,3346323499,1.0830269999441953,1.0784835000540625,0,0.01103349998993508,0.02059099998041347
nested-d5-f4/off/update-active,verdict,ms,0.07287651300430298,-0.10518795251846313,0.22800245881080627,false,24,1999,3404007752,7.121917426586151,7.10687392950058,0,-0.011249929666519165,0.10212454199790955
nested-d5-f4/off/update-active-nogc,record,ms,0.032418012619018555,-0.30653995275497437,0.3522918224334717,false,24,1999,837142286,3.8756868839263916,3.8657710552215576,0,0.03135451674461365,0.06295999884605408
nested-d5-f4/off/update-wall,verdict,ms,0.07370699999410135,-0.10633250000091721,0.2076864999994541,false,24,1999,3837718142,7.113521999999648,7.099624999999833,0,-0.010665500002687622,0.10237449999112869
nested-d5-f4/off/update-wall-nogc,record,ms,0.0298324999948818,-0.32204099999944447,0.37031150000257185,false,24,1999,1047064776,3.8700835000054212,3.8594170000014856,0,0.029769999999189167,0.05952149999939138
oneOf-10/off/commits-mount,record,count,0,0,0,false,24,1999,1883457859,2,2,0,0,0
oneOf-10/off/commits-mount-nogc,record,count,0,0,0,false,24,1999,151221115,2,2,0,0,0
oneOf-10/off/commits-update,record,count,0,0,0,false,24,1999,3831774507,2,2,0,0,0
oneOf-10/off/commits-update-nogc,record,count,0,0,0,false,24,1999,897710851,2,2,0,0,0
oneOf-10/off/mount-active,verdict,ms,-0.003104503667884728,-0.027124977222399593,0.016603980119725747,false,24,1999,4164467037,3.3248970150756634,3.332124995525305,0,-0.0015419719219949002,-0.021334476030375527
oneOf-10/off/mount-active-nogc,record,ms,-0.0051254961490485584,-0.02399802552804431,0.008478506767289673,false,24,1999,3101057889,1.4751879880790284,1.4885410218429342,0,-0.00445847502135166,-0.014687991233870434
oneOf-10/off/mount-wall,verdict,ms,-0.0036670000000071923,-0.027583000000163338,0.010625499999946442,false,24,1999,1381834071,5.819687500000043,5.825729000000024,0,0.0005830000000059954,-0.012250000000051386
oneOf-10/off/mount-wall-nogc,record,ms,-0.010000500000046486,-0.025540999999748237,0.012583999999947082,false,24,1999,232814551,3.9708124999999654,3.9805000000000064,0,-0.0019375000000536602,-0.01760399999989204
oneOf-10/off/profiler-mount,record,ms,0.0031169999998610365,-0.022396500000638753,0.013362999998264513,false,24,1999,1115199146,2.792854500000601,2.797584499999516,0,0.005322000001569904,-0.010931500001504446
oneOf-10/off/profiler-mount-nogc,record,ms,-0.010005999999179949,-0.022738500001082684,0.00024050000331499177,false,24,1999,2346072524,1.2357419999980266,1.2446400000002313,0,-0.01022850000026665,-0.006878999998207291
oneOf-10/off/profiler-update,record,ms,0.009384999999554111,-0.027378000000680913,0.016153999999517055,false,24,1999,2673456804,0.9996879999999919,1.0066279999997505,0,0.0013684999998986314,0.013519499999915752
oneOf-10/off/profiler-update-nogc,record,ms,0.005379500002050008,-0.0035080000058087535,0.010536000000229251,false,24,1999,2190790722,0.7310035000001562,0.7286399999995865,0,0.006581499999924745,0.0035825000035174526
oneOf-10/off/update-active,verdict,ms,-0.0015205442905426025,-0.0480419397354126,0.03750148415565491,false,24,1999,946931703,2.9412294924259186,2.9693125188350677,0,-0.016728490591049194,0.01681247353553772
oneOf-10/off/update-active-nogc,record,ms,-0.011083483695983887,-0.031416505575180054,0.03699997067451477,false,24,1999,1951467767,1.7533954977989197,1.748853474855423,0,-0.009437471628189087,-0.015416532754898071
oneOf-10/off/update-wall,verdict,ms,-0.0029380000000855944,-0.05160399999982701,0.03725000000008549,false,24,1999,891118509,2.938666000000012,2.966521,0,-0.016541999999958534,0.016833000000019638
oneOf-10/off/update-wall-nogc,record,ms,-0.011188500000002932,-0.029541000000108397,0.037729000000013,false,24,1999,1940867281,1.7515210000000252,1.7474790000002258,0,-0.009229999999774918,-0.015146500000355445
oneOf-20/off/commits-mount,record,count,0,0,0,false,24,1999,1481920688,2,2,0,0,0
oneOf-20/off/commits-mount-nogc,record,count,0,0,0,false,24,1999,3233586198,2,2,0,0,0
oneOf-20/off/commits-update,record,count,0,0,0,false,24,1999,2699886934,2,2,0,0,0
oneOf-20/off/commits-update-nogc,record,count,0,0,0,false,24,1999,530903200,2,2,0,0,0
oneOf-20/off/mount-active,verdict,ms,-0.017082514011349303,-0.06027102246665095,0.00795797586442859,false,24,1999,1325125352,3.947582990169508,3.9868545020542285,0,-0.017082514011349303,-0.015207492975235937
oneOf-20/off/mount-active-nogc,record,ms,-0.03906204223653731,-0.0843329893263558,0.0006255035209505877,false,24,1999,3363781166,1.9375420276566615,1.985291493654131,0,-0.021437009059752654,-0.07920800163265085
oneOf-20/off/mount-wall,verdict,ms,-0.018645999999989726,-0.064875499999971,0.007145999999977448,false,24,1999,3884345886,6.443291499999987,6.473062499999912,0,-0.03460399999994479,-0.005540999999993801
oneOf-20/off/mount-wall-nogc,record,ms,-0.01954200000000128,-0.08362400000009984,0.019416499999920234,false,24,1999,964520296,4.422458499999948,4.4519579999999905,0,-0.010999500000025364,-0.04574999999999818
oneOf-20/off/profiler-mount,record,ms,-0.016695999999967626,-0.03820899999777794,0.00872949999887851,false,24,1999,2959924995,3.426936500000693,3.461585000000241,0,-0.019334500000127264,-0.016695999999967626
oneOf-20/off/profiler-mount-nogc,record,ms,-0.0223185000011199,-0.06938800000352785,-0.0021715000003723617,true,24,1999,2570846651,1.6547940000010612,1.6890830000007782,0,-0.009859499997560306,-0.048798999997416104
oneOf-20/off/profiler-update,record,ms,-0.016965999998490133,-0.026420000000541677,0.00483100000064951,false,24,1999,3400080875,1.0010269999997377,1.011205000000075,0,-0.017169999999339325,-0.012729499998215488
oneOf-20/off/profiler-update-nogc,record,ms,-0.010952000001680062,-0.02987749999863354,-0.0012599999979556742,true,24,1999,4111880771,0.7415559999988091,0.7575509999994665,0,-0.010063499999546366,-0.014187000001356864
oneOf-20/off/update-active,verdict,ms,-0.03966647386550903,-0.09012502431869507,0.011207938194274902,false,24,1999,3703724608,3.3456455171108246,3.416603982448578,0,-0.03966647386550903,-0.03195798397064209
oneOf-20/off/update-active-nogc,record,ms,-0.04464596509933472,-0.10575097799301147,0.004499524831771851,false,24,1999,912806982,2.0200835168361664,2.0550834834575653,0,-0.030729025602340698,-0.08352002501487732
oneOf-20/off/update-wall,verdict,ms,-0.039624999999944066,-0.08987499999989268,0.013499499999966247,false,24,1999,2625368870,3.3429795000000695,3.4136874999999804,0,-0.039624999999944066,-0.031853500000067925
oneOf-20/off/update-wall-nogc,record,ms,-0.04299950000017816,-0.10981249999986176,0.0022500000002310117,false,24,1999,81115984,2.0184584999999515,2.0540419999999813,0,-0.030834000000140804,-0.08370899999999892
oneOf-5/off/commits-mount,record,count,0,0,0,false,24,1999,1045705975,2,2,0,0,0
oneOf-5/off/commits-mount-nogc,record,count,0,0,0,false,24,1999,1289179127,2,2,0,0,0
oneOf-5/off/commits-update,record,count,0,0,0,false,24,1999,2979065183,2,2,0,0,0
oneOf-5/off/commits-update-nogc,record,count,0,0,0,false,24,1999,1688998175,2,2,0,0,0
oneOf-5/off/mount-active,verdict,ms,-0.006958989362686907,-0.035854963668811024,0.004541508106285619,false,24,1999,1462053185,2.974562995616907,2.9815210232734444,0,-0.002082979385420458,-0.009812471004465806
oneOf-5/off/mount-active-nogc,record,ms,0.019708021843086954,-0.01916799743264619,0.046291998569472526,false,24,1999,1772454205,1.295895523218178,1.2870624785977043,0,0.019708021843086954,0.01902148287001637
oneOf-5/off/mount-wall,verdict,ms,-0.006833000000085576,-0.03806250000002365,0.023374999999987267,false,24,1999,757102555,5.47060399999998,5.482854000000032,0,0.00031249999989313437,-0.021250500000064676
oneOf-5/off/mount-wall-nogc,record,ms,0.009541500000068481,-0.013416999999890322,0.02066600000011931,false,24,1999,4219520275,3.779875000000061,3.776457999999934,0,0.008666500000003907,0.011166500000058477
oneOf-5/off/profiler-mount,record,ms,-0.01334050000031084,-0.03116949999866847,0.016788500001439388,false,24,1999,2152850918,2.4409284999997,2.447000499999888,0,-0.010137500000439559,-0.016973499998925945
oneOf-5/off/profiler-mount-nogc,record,ms,0.008740000001125736,-0.009861999999998261,0.03374949999738419,false,24,1999,3865260432,1.0617060000010952,1.052853500000424,0,0.006878000000369866,0.009633500001882567
oneOf-5/off/profiler-update,record,ms,-0.0008559999993167366,-0.029758000000867924,0.0266585000005648,false,24,1999,2290966960,1.0010484999999676,0.9991870000003473,0,0.005692499999895517,-0.005120500000430184
oneOf-5/off/profiler-update-nogc,record,ms,0.003980000001206463,-0.008158999996339844,0.025688999997441897,false,24,1999,1726713622,0.7409340000004931,0.7319575000026362,0,0.003980000001206463,0.002951000003122317
oneOf-5/off/update-active,verdict,ms,-0.00779154896736145,-0.036749958992004395,0.07079148292541504,false,24,1999,669495419,2.7626045048236847,2.7746874690055847,0,0.029854506254196167,-0.009187519550323486
oneOf-5/off/update-active-nogc,record,ms,0.01120847463607788,-0.01722896099090576,0.043604493141174316,false,24,1999,3274265395,1.687270998954773,1.6746255159378052,0,0.01718801259994507,0.005041450262069702
oneOf-5/off/update-wall,verdict,ms,-0.007478999999989355,-0.04772799999994959,0.070833499999992,false,24,1999,2810936785,2.7600209999999947,2.7723960000000716,0,0.030291499999975713,-0.009000000000014552
oneOf-5/off/update-wall-nogc,record,ms,0.011582999999973254,-0.017979000000082124,0.043375500000138345,false,24,1999,1090094509,1.6861040000002276,1.673479000000043,0,0.017312500000116415,0.004812500000070941
sample-0/off/commits-mount,record,count,0,0,0,false,24,1999,2411277481,2,2,0,0,0
sample-0/off/commits-mount-nogc,record,count,0,0,0,false,24,1999,1814659429,2,2,0,0,0
sample-0/off/commits-update,record,count,0,0,0,false,24,1999,1834541869,1,1,0,0,0
sample-0/off/commits-update-nogc,record,count,0,0,0,false,24,1999,4124960593,1,1,0,0,0
sample-0/off/mount-active,verdict,ms,0.002291531801176916,-0.03831203502841163,0.03660449699211199,false,24,1999,116379387,1.8052084684372005,1.7915414870700488,0,-0.007957964420342023,0.005583039888335861
sample-0/off/mount-active-nogc,record,ms,0.004312490224776866,-0.017708510581940118,0.06250101753221315,false,24,1999,3427667635,0.8578330211277603,0.838979990427049,0,0.024416525180811277,0.002833945934298754
sample-0/off/mount-wall,verdict,ms,-0.000021000000003823516,-0.03093699999999444,0.052707000000054904,false,24,1999,3288193105,4.054916500000047,4.041104500000017,0,0.00014550000008739516,-0.000021000000003823516
sample-0/off/mount-wall-nogc,record,ms,0.02554200000002993,-0.020416999999724794,0.06395800000001373,false,24,1999,2897081645,3.1071670000001177,3.0892089999999826,0,0.02554200000002993,0.023124999999879492
sample-0/off/profiler-mount,record,ms,-0.0005049999995776489,-0.015269500000101743,0.025834000000543256,false,24,1999,779752520,1.3010235000002695,1.2944139999997901,0,-0.007160999999939577,0.0003505000004224712
sample-0/off/profiler-mount-nogc,record,ms,0.02474150000023201,-0.004333499999177093,0.05435350000050221,false,24,1999,2407147534,0.6176085000012108,0.6009789999998247,0,0.042827000001011584,0.009261000000890363
sample-0/off/profiler-update,record,ms,0.000876500000060787,-0.009483499999987544,0.023328999999762345,false,24,1999,1392463598,0.143189499999977,0.13768800000025294,0,0.0005875000000514774,0.002437500000212367
sample-0/off/profiler-update-nogc,record,ms,-0.001222500000153559,-0.005940999999438645,0.012042500000632117,false,24,1999,3224380952,0.09916599999883147,0.09810850000042137,0,0.0006465000000162036,-0.001222500000153559
sample-0/off/update-active,verdict,ms,0.01366645097732544,-0.03787493705749512,0.07495892047887764,false,24,1999,229745937,0.5571670234203339,0.5428335070610046,0,-0.005771011114120483,0.023958027362823486
sample-0/off/update-active-nogc,record,ms,0.0033954381942749023,-0.011895477771759033,0.04962491989135742,false,24,1999,3077634925,0.3167710304260254,0.3134170174598694,0,0.0033954381942749023,0.0017084777355194092
sample-0/off/update-wall,verdict,ms,0.012437499999975898,-0.03804200000001856,0.07487500000002001,false,24,1999,816853387,0.5553754999999683,0.5412289999999871,0,-0.006750500000066495,0.024145999999973355
sample-0/off/update-wall-nogc,record,ms,0.0033130000001051485,-0.011354000000096676,0.041958000000022366,false,24,1999,1463679971,0.3156454999999596,0.3121244999999817,0,0.0033130000001051485,0.0016454999999950815
sample-1/off/commits-mount,record,count,0,0,0,false,24,1999,61529782,2,2,0,0,0
sample-1/off/commits-mount-nogc,record,count,0,0,0,false,24,1999,2211595008,2,2,0,0,0
sample-1/off/commits-update,record,count,0,0,0,false,24,1999,3741874752,1,1,0,0,0
sample-1/off/commits-update-nogc,record,count,0,0,0,false,24,1999,1152562246,1,1,0,0,0
sample-1/off/mount-active,verdict,ms,-0.0038729956894201223,-0.03801995660785451,0.02304095583730259,false,24,1999,2708651702,2.9604164773864454,2.966749988317474,0,0.005688962146763288,-0.006603999670034
sample-1/off/mount-active-nogc,record,ms,0.004978016010227293,-0.023083534479098944,0.060041525033966536,false,24,1999,1110565632,1.52485400500683,1.5073750223560296,0,0.018416521640801875,0.002103469903943278
sample-1/off/mount-wall,verdict,ms,-0.00933350000008204,-0.03462500000000546,0.015020999999990181,false,24,1999,1697238048,5.208458499999949,5.213708000000054,0,0.006874999999979536,-0.01383400000003121
sample-1/off/mount-wall-nogc,record,ms,0.008749499999794352,-0.024645999999847845,0.04939600000000155,false,24,1999,103953190,3.767875500000059,3.7526249999999663,0,0.008749499999794352,0.006583500000033382
sample-1/off/profiler-mount,record,ms,0.005796000000088952,-0.0220400000000609,0.0256105000001412,false,24,1999,842260521,2.282165500000019,2.2822864999993158,0,0.008355499999765925,0.005796000000088952
sample-1/off/profiler-mount-nogc,record,ms,0.003855499999758649,-0.019678000001022156,0.02815899999723115,false,24,1999,1340652517,1.194090999998366,1.1867469999995137,0,0.007911499999067928,-0.012899500001026354
sample-1/off/profiler-update,record,ms,0.00005950000024768087,-0.005590999999753876,0.014292000000068583,false,24,1999,3028383149,0.1482739999999012,0.14547799999991184,0,0.005233999999859407,-0.001733999999714797
sample-1/off/profiler-update-nogc,record,ms,0.0014164999994363825,-0.0033810000013545505,0.011935000001471963,false,24,1999,4226219729,0.09070950000034372,0.08842050000066592,0,0.0015014999994491518,0.00023400000009132782
sample-1/off/update-active,verdict,ms,0.002124965190887451,-0.020416975021362305,0.02743750810623169,false,24,1999,2176981634,0.5716879963874817,0.5611045062541962,0,0.010250002145767212,-0.0001875162124633789
sample-1/off/update-active-nogc,record,ms,0.00466647744178772,-0.0072699785232543945,0.021499544382095337,false,24,1999,4143612804,0.30318698287010193,0.2965624928474426,0,0.006165981292724609,0.0021454691886901855
sample-1/off/update-wall,verdict,ms,0.00202099999995653,-0.01791600000001381,0.027375000000006366,false,24,1999,3953349724,0.5704170000000204,0.5594164999999407,0,0.011229000000014366,-0.00016649999997753184
sample-1/off/update-wall-nogc,record,ms,0.004479500000115877,-0.008520499999917774,0.022604499999943073,false,24,1999,1775462074,0.3016249999999445,0.29531250000002274,0,0.00597949999996672,0.002249999999889951
sample-2/off/commits-mount,record,count,0,0,0,false,24,1999,742521099,2,2,0,0,0
sample-2/off/commits-mount-nogc,record,count,0,0,0,false,24,1999,2317185635,2,2,0,0,0
sample-2/off/commits-update,record,count,0,0,0,false,24,1999,38833587,1,1,0,0,0
sample-2/off/commits-update-nogc,record,count,0,0,0,false,24,1999,3645420043,1,1,0,0,0
sample-2/off/mount-active,verdict,ms,0.016001023475610054,-0.019562995470039368,0.04008301144409643,false,24,1999,400513541,2.647124987216955,2.6401454941311044,0,0.021104514654155082,0.007813034423804766
sample-2/off/mount-active-nogc,record,ms,-0.0010619575615464782,-0.026875982833871603,0.0556039669513666,false,24,1999,440934249,1.3784579974689564,1.3684789870338818,0,-0.011623990793225403,0.01837503352544445
sample-2/off/mount-wall,verdict,ms,0.0100620000000049,-0.022000499999990097,0.04102100000000064,false,24,1999,3658824751,4.890625,4.890708000000018,0,0.01920800000004874,0.00949950000000399
sample-2/off/mount-wall-nogc,record,ms,0.0011254999999437132,-0.0334584999998242,0.05629099999987375,false,24,1999,2871551631,3.624791500000015,3.6108959999999115,0,-0.016104000000154883,0.01864599999987604
sample-2/off/profiler-mount,record,ms,0.016359000000704782,-0.021259000000213746,0.044540500000039174,false,24,1999,2008319538,2.05893900000018,2.0546735000003196,0,0.012810999999715023,0.019462499999633565
sample-2/off/profiler-mount-nogc,record,ms,-0.0006159999961710128,-0.029161999999359978,0.03990500000020347,false,24,1999,3107118036,1.079079999999749,1.0728005000000849,0,-0.013167999998813684,0.005310500001087348
sample-2/off/profiler-update,record,ms,0.0034730000001559347,-0.005804000000011911,0.014314000000240412,false,24,1999,2305195052,0.1485414999999648,0.14776850000009745,0,0.0034730000001559347,0.0058865000003720525
sample-2/off/profiler-update-nogc,record,ms,0.00343000000077609,-0.0025550000009388896,0.007538999999042062,false,24,1999,2124505962,0.10664449999978842,0.1046225000012555,0,0.0008370000000468281,0.005787999999256499
sample-2/off/update-active,verdict,ms,-0.0029999911785125732,-0.024666965007781982,0.03275004029273987,false,24,1999,3505398655,0.5750834941864014,0.567062497138977,0,0.00004202127456665039,-0.0029999911785125732
sample-2/off/update-active-nogc,record,ms,0.0033749639987945557,-0.011000514030456543,0.01966652274131775,false,24,1999,3231784639,0.33058300614356995,0.32633349299430847,0,-0.01020851731300354,0.008979499340057373
sample-2/off/update-wall,verdict,ms,-0.0028954999999086795,-0.026896499999963908,0.03441700000007586,false,24,1999,185640709,0.5735209999999711,0.565667000000019,0,4.999999987376214e-7,-0.0028954999999086795
sample-2/off/update-wall-nogc,record,ms,0.003459000000134438,-0.011228999999957523,0.0196045000001277,false,24,1999,1076938345,0.3293540000000803,0.3250829999999496,0,-0.010145999999963351,0.008833499999809646
sample-3/off/commits-mount,record,count,0,0,0,false,24,1999,1971015680,2,2,0,0,0
sample-3/off/commits-mount-nogc,record,count,0,0,0,false,24,1999,2250919302,2,2,0,0,0
sample-3/off/commits-update,record,count,0,0,0,false,24,1999,1687101350,1,1,0,0,0
sample-3/off/commits-update-nogc,record,count,0,0,0,false,24,1999,3293061328,1,1,0,0,0
sample-3/off/mount-active,verdict,ms,0.04250099152764619,-0.04858396155918854,0.2534790248870422,false,24,1999,780511640,8.734854480926515,8.674209029233879,0,-0.01024950999453722,0.08149951129723831
sample-3/off/mount-active-nogc,record,ms,-0.01958299525063012,-0.10195698024756439,0.22510450590516484,false,24,1999,3386765054,5.697729467336671,5.677395505098389,0,-0.04329248208250647,0.01670898534598564
sample-3/off/mount-wall,verdict,ms,0.01133400000014717,-0.036500000000046384,0.19820899999990615,false,24,1999,3079580334,10.93875049999997,10.896416999999929,0,0.05147949999997081,0.01133400000014717
sample-3/off/mount-wall-nogc,record,ms,-0.0010410000002138986,-0.10437499999989086,0.20900099999994382,false,24,1999,2543763800,7.880208499999981,7.853854500000011,0,0.025854499999923064,-0.016542000000185908
sample-3/off/profiler-mount,record,ms,0.018165500003192392,-0.0550780000019131,0.14608299999565588,false,24,1999,902026771,7.221565000001476,7.1775074999998765,0,0.01040500000283373,0.049966999997081984
sample-3/off/profiler-mount-nogc,record,ms,-0.012001000005966489,-0.10147700000720761,0.11017600000764105,false,24,1999,2834889195,4.66724150000573,4.6456125000001975,0,-0.004325000002950219,-0.021287499997356463
sample-3/off/profiler-update,record,ms,0.0008109999998850981,-0.003521500000147171,0.011000000000876753,false,24,1999,4002586043,0.17666600000029575,0.17553949999967244,0,-0.001273000000196589,0.0037700000000313594
sample-3/off/profiler-update-nogc,record,ms,-0.0009139999992839876,-0.0046399999978348205,0.012393999998380423,false,24,1999,3466486771,0.10974999999939428,0.10671049999893967,0,0.0006065000013677491,-0.0009139999992839876
sample-3/off/update-active,verdict,ms,0.006666988134384155,-0.014458537101745605,0.034646034240722656,false,24,1999,1607953328,0.6553749740123749,0.6457079946994781,0,-0.0034374892711639404,0.014792561531066895
sample-3/off/update-active-nogc,record,ms,0.00714603066444397,-0.017271995544433594,0.05414646863937378,false,24,1999,1930898710,0.39020848274230957,0.3803750276565552,0,-0.00027045607566833496,0.015021532773971558
sample-3/off/update-wall,verdict,ms,0.0068544999999744505,-0.014333500000077493,0.0333739999999807,false,24,1999,3221155766,0.6534374999999955,0.6441460000000347,0,-0.002645500000028278,0.01466649999991887
sample-3/off/update-wall-nogc,record,ms,0.006957999999826825,-0.01806200000021363,0.03641699999991488,false,24,1999,1603417600,0.3889374999998836,0.3790209999999661,0,-0.0003754999999046049,0.015104499999779364
