key,column,blocks,seed,baseMedianMs,candidateMedianMs,correctionMs,statisticMs,lowMs,highMs,aaMagnitudeMs,floorMs,regression,gain,baseFirstMs,candidateFirstMs
array-100/off/mount,verdict,24,2457337952,1.0642505,1.0764585000000002,0.015208,-0.008812500000000001,-0.0331245,0.0011660000000000004,0.0010415000000000285,0.0053212525,false,false,-0.003645999999999927,-0.009896000000000016
array-100/off/mount-nogc,record,24,3652774886,0.4245835,0.4287085,0.015208,-0.0017085000000000017,-0.012312500000000032,0.011625000000000024,,,,,-0.004729499999999998,0.0006875000000000075
array-100/off/update,verdict,24,2790861702,0.1502505,0.1506045,0.015208,-0.001187500000000008,-0.003270999999999996,0.002687999999999996,0.0006665000000000143,0.0007512525000000001,false,false,-0.0013129999999999947,-0.001187500000000008
array-100/off/update-first,verdict,24,1002472517,0.1502505,0.1506045,0.015208,-0.001187500000000008,-0.0035619999999999957,0.002376000000000017,0.0006665000000000143,0.0007512525000000001,false,false,-0.0013129999999999947,-0.001187500000000008
array-100/off/update-first-nogc,record,24,315393577,0.0371875,0.037313,0.015208,0.0002505000000000007,-0.0014795000000000016,0.001333999999999995,,,,,-0.0008545000000000011,0.0007085000000000008
array-100/off/update-later,verdict,24,1936448453,0.04968800000000001,0.050167,0.015208,-0.0006255000000000011,-0.0015000000000000013,0.0005000000000000004,0.00022900000000000004,0.00024844000000000005,false,false,-0.00018800000000000067,-0.0009170000000000011
array-100/off/update-later-nogc,record,24,336899241,0.028416999999999998,0.028624999999999998,0.015208,-0.00033299999999999996,-0.0015835000000000016,0.0008120000000000002,,,,,-0.00033299999999999996,0.00006250000000000006
array-100/off/update-nogc,record,24,415645744,0.0371875,0.037313,0.015208,0.0002505000000000007,-0.0014795000000000016,0.0013339999999999984,,,,,-0.0008545000000000011,0.0007085000000000008
array-1000/off/mount,verdict,24,1870217136,6.844938,6.907979999999999,0.015208,-0.11249949999999975,-0.18691699999999978,0.06827099999999975,0.08641599999999983,0.08641599999999983,false,false,-0.1533755000000001,-0.0547295000000001
array-1000/off/mount-nogc,record,24,2301077782,3.2972300000000003,3.2593125,0.015208,0.032353500000000146,-0.08939500000000011,0.09591649999999974,,,,,-0.013916499999999887,0.07306249999999981
array-1000/off/update,verdict,24,269565526,0.170542,0.17085450000000002,0.015208,-0.0011035000000000073,-0.0030204999999999954,0.0035419999999999896,0.006208500000000006,0.006208500000000006,false,false,-0.0027915000000000023,0.0023755000000000026
array-1000/off/update-first,verdict,24,2111618741,0.170542,0.17085450000000002,0.015208,-0.0011035000000000073,-0.002916000000000002,0.00395849999999999,0.006208500000000006,0.006208500000000006,false,false,-0.0027915000000000023,0.0023755000000000026
array-1000/off/update-first-nogc,record,24,2285438457,0.0675625,0.0672915,0.015208,0.001062500000000001,-0.0022910000000000014,0.0038959999999999967,,,,,0.0015420000000000017,0.00016599999999999948
array-1000/off/update-later,verdict,24,3034565653,0.0598755,0.06018799999999999,0.015208,0.0006040000000000004,-0.0018120000000000011,0.0032910000000000023,0.006730000000000007,0.006730000000000007,false,false,-0.0015410000000000007,0.002354000000000002
array-1000/off/update-later-nogc,record,24,1855255513,0.0332715,0.03323,0.015208,-0.00010500000000000093,-0.0009170000000000011,0.0009995000000000004,,,,,-0.00010500000000000093,-0.00010450000000000043
array-1000/off/update-nogc,record,24,2687133600,0.0675625,0.0672915,0.015208,0.001062500000000001,-0.0025835000000000025,0.003916499999999996,,,,,0.0015420000000000017,0.00016599999999999948
array-500/off/mount,verdict,24,900158668,3.9588755,3.953688,0.015208,0.008437000000000028,-0.03412549999999981,0.06839550000000005,0.051124999999999865,0.051124999999999865,false,false,0.011999999999999789,0.008437000000000028
array-500/off/mount-nogc,record,24,3882584330,1.5902715,1.5933125000000001,0.015208,-0.007187500000000124,-0.05006299999999997,0.022499999999999964,,,,,-0.007187500000000124,-0.0006665000000000143
array-500/off/update,verdict,24,2876554114,0.160938,0.161292,0.015208,0.0002289999999999931,-0.004250000000000004,0.003937999999999997,0.004521000000000011,0.004521000000000011,false,false,0.0013129999999999947,-0.0008125000000000077
array-500/off/update-first,verdict,24,1637820857,0.160938,0.161292,0.015208,0.0002289999999999931,-0.004250000000000004,0.003917000000000004,0.004521000000000011,0.004521000000000011,false,false,0.0013129999999999947,-0.0008125000000000077
array-500/off/update-first-nogc,record,24,2402149653,0.045334,0.0450835,0.015208,-0.0002490000000000027,-0.0015630000000000019,0.002708999999999996,,,,,-0.0002920000000000006,-0.0002490000000000027
array-500/off/update-later,verdict,24,1590874369,0.0543545,0.05416700000000001,0.015208,0.0005414999999999934,-0.0009160000000000001,0.0014995000000000008,0.0007705000000000004,0.0007705000000000004,false,false,0.00020799999999999985,0.0010419999999999943
array-500/off/update-later-nogc,record,24,917415805,0.0298755,0.0302295,0.015208,-0.00020850000000000035,-0.001749500000000001,0.0009170000000000011,,,,,0.00016649999999999998,-0.00047950000000000076
array-500/off/update-nogc,record,24,1269966468,0.045334,0.0450835,0.015208,-0.0002490000000000027,-0.0015630000000000019,0.0030004999999999997,,,,,-0.0002920000000000006,-0.0002490000000000027
computed-visible-derived/off/mount,verdict,24,407981977,0.6472085,0.6547085,0.015208,-0.009500500000000023,-0.013791499999999957,0.00312450000000003,0.004249500000000073,0.004249500000000073,false,false,-0.005541999999999991,-0.010729000000000044
computed-visible-derived/off/mount-nogc,record,24,1169122677,0.228896,0.228396,0.015208,0.0016660000000000008,-0.0030629999999999963,0.0037709999999999966,,,,,-0.0011665000000000009,0.0027289999999999953
computed-visible-derived/off/update,verdict,24,1737411421,0.280397,0.2837505,0.045624,-0.0038539999999999963,-0.010499499999999995,0.0002904999999999991,0.0031654999999999878,0.0031654999999999878,false,false,-0.003688500000000011,-0.004146000000000011
computed-visible-derived/off/update-first,verdict,24,210625598,0.135021,0.136521,0.015208,-0.0023130000000000095,-0.005020500000000011,0.002208500000000002,0.003104499999999996,0.003104499999999996,false,false,-0.0014170000000000016,-0.002500000000000016
computed-visible-derived/off/update-first-nogc,record,24,2742293512,0.0610835,0.061209,0.015208,-0.000019999999999999185,-0.0014790000000000011,0.0016455000000000011,,,,,-0.00022950000000000054,0.0003119999999999998
computed-visible-derived/off/update-later,verdict,24,881524954,0.071084,0.0722295,0.015208,-0.0009584999999999941,-0.0030839999999999895,0.000792000000000001,0.000958500000000001,0.000958500000000001,false,false,-0.0014794999999999878,-0.0006245000000000001
computed-visible-derived/off/update-later-nogc,record,24,1156750620,0.0500005,0.050145999999999996,0.015208,0.0010835000000000011,-0.002375000000000002,0.002083500000000002,,,,,-0.002604000000000002,0.0014585000000000015
computed-visible-derived/off/update-nogc,record,24,610539873,0.153897,0.154918,0.045624,0.00010349999999999249,-0.0045399999999999885,0.004916000000000004,,,,,-0.002770500000000009,0.0037294999999999967
flat-100/off/mount,verdict,24,4157881868,0.635146,0.637938,0.015208,-0.0018540000000000223,-0.010249999999999981,0.005937000000000026,0.004041500000000031,0.004041500000000031,false,false,-0.0007495000000000696,-0.00252099999999994
flat-100/off/mount-nogc,record,24,3373246154,0.31366700000000003,0.31375,0.015208,-0.0007709999999999662,-0.007624999999999993,0.007834000000000008,,,,,-0.003666499999999989,0.002332500000000015
flat-100/off/update,verdict,24,3491923394,0.30327400000000004,0.303671,0.15208,0.001312500000000022,-0.0034390000000000254,0.0041879999999999695,0.0027699999999999947,0.0027699999999999947,false,false,0.0016675000000000162,0.0011039999999999939
flat-100/off/update-first,verdict,24,796218233,0.122396,0.12183349999999998,0.015208,0.0006665000000000004,-0.0007920000000000149,0.0024374999999999952,0.0008540000000000075,0.0008540000000000075,false,false,0.0010204999999999798,0.0005210000000000076
flat-100/off/update-first-nogc,record,24,2204153173,0.013708500000000002,0.013751,0.015208,0.00004099999999999937,-0.0008754999999999978,0.0005409999999999998,,,,,0.00004099999999999937,0.00008300000000000148
flat-100/off/update-later,verdict,24,1491602369,0.015542,0.015667,0.015208,-0.00006250000000000006,-0.0005420000000000008,0.0004159999999999997,0.00008350000000000024,0.00008350000000000024,false,false,-0.00008350000000000024,-0.00004149999999999987
flat-100/off/update-later-nogc,record,24,2406058173,0.010084,0.010104500000000002,0.015208,0.00012450000000000135,-0.0005210000000000006,0.0004580000000000001,,,,,-0.00016649999999999998,0.00016650000000000172
flat-100/off/update-nogc,record,24,3919613508,0.12098350000000002,0.121857,0.15208,-0.002104500000000037,-0.004584000000000005,0.003062000000000037,,,,,-0.0014379999999999948,-0.0023745000000000294
flat-50/off/mount,verdict,24,4092951056,0.4234795,0.420542,0.015208,0.00283300000000003,-0.0026239999999999597,0.006000499999999992,0.0012920000000000154,0.0021173975,false,false,0.001291500000000001,0.00283300000000003
flat-50/off/mount-nogc,record,24,1808156406,0.17631249999999998,0.173479,0.015208,0.004104499999999997,-0.001458000000000001,0.0079375,,,,,0.0017499999999999877,0.004501000000000005
flat-50/off/update,verdict,24,1067550774,0.30141850000000003,0.29808650000000003,0.15208,0.0024995000000000156,-0.0031425000000000203,0.006477999999999984,0.002103500000000008,0.002103500000000008,false,false,0.001586000000000004,0.0024995000000000156
flat-50/off/update-first,verdict,24,386980117,0.11987500000000001,0.11931249999999999,0.015208,-0.00006199999999999262,-0.0014374999999999943,0.0034584999999999894,0.0008540000000000075,0.0008540000000000075,false,false,-0.0007289999999999935,0.0006040000000000073
flat-50/off/update-first-nogc,record,24,1334631129,0.013125000000000001,0.012792000000000001,0.015208,0.000041500000000001605,-0.00022900000000000004,0.001126000000000002,,,,,0.00018750000000000017,0.000041500000000001605
flat-50/off/update-later,verdict,24,1351503733,0.0155005,0.015584,0.015208,0.000020499999999999685,-0.0004989999999999994,0.0003960000000000005,0.0002494999999999997,0.0002494999999999997,false,false,0.00010399999999999993,-0.00022900000000000004
flat-50/off/update-later-nogc,record,24,974829625,0.009375000000000001,0.009250000000000001,0.015208,0.00006300000000000056,-0.00020799999999999985,0.00031299999999999904,,,,,0.00008350000000000024,0.00006250000000000006
flat-50/off/update-nogc,record,24,741859200,0.11077500000000001,0.10912699999999997,0.15208,0.0021054999999999824,-0.0011869999999999936,0.004812499999999997,,,,,0.0025410000000000155,0.00006350000000002187
flat-500/off/mount,verdict,24,671677600,2.2949175,2.2744380000000004,0.015208,0.002458499999999919,-0.02145800000000042,0.1290834999999999,0.0038124999999999964,0.0114745875,false,false,0.013270500000000185,-0.020958000000000254
flat-500/off/mount-nogc,record,24,2598054,1.3052710000000003,1.288271,0.015208,0.013416000000000095,-0.003333999999999948,0.04022899999999996,,,,,0.01835399999999998,0.013416000000000095
flat-500/off/update,verdict,24,2120509382,0.33456600000000003,0.3316065,0.15208,0.0027509999999999757,-0.0021689999999999765,0.008103500000000013,0.003604999999999997,0.003604999999999997,false,false,0.0036874999999999825,0.0019359999999999933
flat-500/off/update-first,verdict,24,83091973,0.1403545,0.14075000000000001,0.015208,-0.0001244999999999996,-0.004458999999999991,0.002958000000000016,0.00006199999999999262,0.0007017725,false,false,-0.0005619999999999931,0.0002505000000000007
flat-500/off/update-first-nogc,record,24,446936937,0.019000500000000003,0.018937500000000003,0.015208,0.00022900000000000004,-0.0012285000000000004,0.0014999999999999979,,,,,0.0005415000000000003,-0.0001460000000000003
flat-500/off/update-later,verdict,24,634187141,0.0169375,0.0167085,0.015208,-0.00010349999999999943,-0.0003960000000000005,0.0005830000000000002,0.00004200000000000037,0.0000846875,false,false,0.00020900000000000085,-0.0001244999999999996
flat-500/off/update-later-nogc,record,24,3534223849,0.010417,0.010354500000000003,0.015208,-0.00008350000000000198,-0.0002920000000000006,0.0004159999999999997,,,,,0.000021499999999997216,-0.00020849999999999862
flat-500/off/update-nogc,record,24,2358228208,0.124108,0.12350400000000006,0.15208,0.000002500000000016378,-0.0024595000000000034,0.003917000000000004,,,,,0.002667500000000017,-0.001520500000000008
if-then/off/mount,verdict,24,893303742,0.5379174999999999,0.5377295,0.015208,-0.00014599999999997948,-0.002790999999999988,0.004229499999999997,0.006333000000000033,0.006333000000000033,false,false,-0.0006050000000000222,0.001041499999999973
if-then/off/mount-nogc,record,24,1114421896,0.175667,0.1760835,0.015208,-0.0017079999999999873,-0.007854,0.004584000000000005,,,,,-0.001416500000000001,-0.0017079999999999873
if-then/off/update,verdict,24,200146568,0.14956350000000002,0.147709,0.030416,0.002207500000000001,-0.0014794999999999947,0.005457999999999991,0.002416500000000002,0.002416500000000002,false,false,0.0010625000000000079,0.00356250000000001
if-then/off/update-first,verdict,24,3676426395,0.098792,0.0980005,0.015208,0.0010830000000000006,-0.0006250000000000006,0.0027500000000000024,0.0025209999999999955,0.0025209999999999955,false,false,0.0002915000000000001,0.001749500000000001
if-then/off/update-first-nogc,record,24,1403085395,0.043042000000000004,0.043000000000000003,0.015208,-0.00035400000000000015,-0.001354999999999995,0.0004999999999999935,,,,,-0.00018750000000000017,-0.0003955
if-then/off/update-later,verdict,24,4200980243,0.038917,0.0387505,0.015208,0.00016649999999999998,-0.0006250000000000006,0.0011670000000000014,0.0001250000000000001,0.000194585,false,false,0.00022900000000000004,0.00016649999999999998
if-then/off/update-later-nogc,record,24,1071961323,0.034125,0.0335005,0.015208,-0.00022849999999999954,-0.0010000000000000009,0.0012705000000000008,,,,,0.00006199999999999956,-0.0002915000000000001
if-then/off/update-nogc,record,24,3207786446,0.081292,0.080959,0.030416,-0.0005000000000000004,-0.002791000000000002,0.0016040000000000013,,,,,0.0006870000000000001,-0.0013535000000000005
if-then/on/mount,verdict,24,3711996072,8.405625,8.4272295,0.030375,-0.011312499999998948,-0.06077050000000028,0.055938000000000265,0.003146499999999719,0.042028125000000006,false,false,-0.019520499999999608,-0.011312499999998948
if-then/on/mount-nogc,record,24,4216428398,4.1154795,4.130354,0.030375,-0.0005209999999999937,-0.04729200000000011,0.03254149999999978,,,,,0.006707999999999714,-0.02266699999999977
if-then/on/update,verdict,24,1958154958,0.30191650000000003,0.30275050000000003,0.06075,-0.0007500000000000284,-0.003375000000000017,0.0025419999999999887,0.00045800000000001395,0.0015095825000000002,false,false,-0.0008755000000000013,0.00047849999999996506
if-then/on/update-first,verdict,24,434693229,0.21100000000000002,0.211708,0.030375,-0.0008124999999999938,-0.002708999999999989,0.0017510000000000026,0.0005835000000000007,0.0010550000000000002,false,false,-0.0010835000000000011,-0.0001244999999999996
if-then/on/update-first-nogc,record,24,2649883153,0.098625,0.09797949999999998,0.030375,0.001979500000000002,-0.0024580000000000157,0.004853999999999997,,,,,0.00012549999999999367,0.0027085000000000026
if-then/on/update-later,verdict,24,1118177933,0.071417,0.071375,0.030375,0.00035400000000000015,-0.0011454999999999937,0.0010414999999999938,0.0007090000000000013,0.0007090000000000013,false,false,0.00018699999999999967,0.0006465000000000012
if-then/on/update-later-nogc,record,24,3315765809,0.0552295,0.055291999999999994,0.030375,-0.00008300000000000668,-0.0014790000000000011,0.0008750000000000008,,,,,0.00035400000000000015,-0.0007709999999999939
if-then/on/update-nogc,record,24,2630549624,0.163667,0.164812,0.06075,-0.002333500000000016,-0.004896500000000012,0.0017085000000000017,,,,,-0.0011874999999999941,-0.0027085000000000026
nested-d3-f4/off/mount,verdict,24,2122410953,0.5817915,0.5808749999999999,0.015208,-0.0015209999999999946,-0.0064790000000000125,0.011874000000000051,0.003020999999999996,0.003020999999999996,false,false,0.006083499999999964,-0.004083999999999921
nested-d3-f4/off/mount-nogc,record,24,3934900613,0.2897295,0.28431249999999997,0.015208,0.005083499999999963,-0.002083500000000016,0.009979500000000002,,,,,0.006333499999999992,0.0050414999999999766
nested-d3-f4/off/update,verdict,24,3655049421,0.3849,0.3827745,0.15208,0.001917000000000002,-0.006997999999999949,0.007749000000000006,0.004541500000000032,0.004541500000000032,false,false,0.004436999999999969,-0.002937000000000023
nested-d3-f4/off/update-first,verdict,24,1314865358,0.1326255,0.131938,0.015208,0.001395499999999994,-0.0013335000000000014,0.003292000000000017,0.0004794999999999938,0.0006631275000000001,false,false,0.0017500000000000016,0.0007080000000000003
nested-d3-f4/off/update-first-nogc,record,24,245893752,0.018334000000000003,0.017959000000000003,0.015208,0.00035400000000000015,0,0.0008120000000000002,,,,,0.0004994999999999999,0.00020749999999999935
nested-d3-f4/off/update-later,verdict,24,2739021194,0.023583,0.0233335,0.015208,0.00008350000000000024,-0.00033299999999999996,0.0005415000000000003,0.0001454999999999998,0.0001454999999999998,false,false,0.0002915000000000001,0.00004149999999999987
nested-d3-f4/off/update-later-nogc,record,24,2735514668,0.013917000000000002,0.013792000000000002,0.015208,0.00004200000000000037,-0.0000834999999999985,0.0006879999999999994,,,,,0.00033349999999999873,4.999999999987653e-7
nested-d3-f4/off/update-nogc,record,24,2011407857,0.16015000000000001,0.156377,0.15208,0.004979000000000011,-0.0030830000000000024,0.008749499999999993,,,,,0.006229000000000012,0.0009194999999999898
nested-d5-f4/off/mount,verdict,24,2460248687,6.089542,6.060645999999999,0.015208,0.0014374999999997584,-0.0910410000000006,0.10668750000000049,0.02468749999999975,0.03044771,false,false,0.012062499999999865,-0.0003955000000002151
nested-d5-f4/off/mount-nogc,record,24,2110395215,4.4412715,4.342459,0.015208,-0.032333500000000015,-0.1974999999999998,0.16179199999999927,,,,,-0.032333500000000015,0.031249499999999486
nested-d5-f4/off/update,verdict,24,3134862295,0.5142125,0.511296,0.15208,0.00014700000000006375,-0.010771500000000045,0.00795800000000002,0.0035634999999999972,0.0035634999999999972,false,false,0.007021000000000055,-0.0025420000000000442
nested-d5-f4/off/update-first,verdict,24,333029644,0.1734585,0.173,0.015208,-0.00014550000000000674,-0.002353999999999995,0.003457999999999989,0.0006454999999999933,0.0008672924999999999,false,false,0.0032704999999999956,-0.0014375000000000082
nested-d5-f4/off/update-first-nogc,record,24,882839498,0.044438,0.043521000000000004,0.015208,0.001583499999999998,-0.0014179999999999957,0.002646499999999996,,,,,0.0018129999999999986,-0.0005620000000000035
nested-d5-f4/off/update-later,verdict,24,4126256096,0.032209,0.032417,0.015208,0.00016700000000000048,-0.0009380000000000013,0.0004170000000000007,0.000021000000000000185,0.00016104500000000001,false,false,0.00033299999999999996,-0.0001454999999999998
nested-d5-f4/off/update-later-nogc,record,24,1047989862,0.018437500000000002,0.018375500000000003,0.015208,-0.00008299999999999974,-0.0008955000000000005,0.0006045000000000009,,,,,0.0002505000000000007,-0.0004375000000000004
nested-d5-f4/off/update-nogc,record,24,65411927,0.22796300000000003,0.22837799999999997,0.15208,-0.0005624999999999936,-0.004917000000000005,0.004250000000000004,,,,,-0.001791999999999988,0.00022900000000000698
oneOf-10/off/axis-first,verdict,24,3674654765,0.570584,0.5031875,0.015208,0.06647900000000001,0.06120899999999996,0.07120799999999994,0.004229000000000038,0.004229000000000038,false,true,0.06818800000000003,0.06591649999999999
oneOf-10/off/axis-first-nogc,record,24,517363281,0.317584,0.259313,0.015208,0.06004200000000001,0.04991699999999999,0.065334,,,,,0.05791650000000001,0.06204250000000003
oneOf-10/off/axis-later,verdict,24,805502797,0.329688,0.294209,0.015208,0.035271,0.03172900000000001,0.03766599999999998,0.0012294999999999945,0.00164844,false,true,0.035271,0.0347915
oneOf-10/off/axis-later-nogc,record,24,2828411249,0.183313,0.1543755,0.015208,0.030417,0.025730000000000003,0.03285450000000001,,,,,0.029708000000000012,0.030417
oneOf-10/off/axis-update,verdict,24,1866134840,0.918459,0.8177715,0.030416,0.10137499999999999,0.09212550000000003,0.1110215,0.0077705000000000135,0.0077705000000000135,false,true,0.10045900000000002,0.10137499999999999
oneOf-10/off/axis-update-nogc,record,24,1851880478,0.5160625,0.4279175,0.030416,0.08725050000000004,0.08435449999999997,0.09670800000000002,,,,,0.08654200000000004,0.088834
oneOf-10/off/mount,verdict,24,3735967596,1.5563129999999998,1.4636255,0.015208,0.0883124999999999,0.07691750000000008,0.10152150000000004,0.008999499999999938,0.008999499999999938,false,true,0.09385450000000006,0.08414549999999998
oneOf-10/off/mount-nogc,record,24,3345236010,0.6240005000000001,0.560979,0.015208,0.06381300000000001,0.05668699999999993,0.07239600000000002,,,,,0.06381300000000001,0.06377050000000006
oneOf-10/off/update,verdict,24,3648473506,1.1598965,1.055271,0.030416,0.10345850000000001,0.0961240000000001,0.11247949999999995,0.003958000000000017,0.0057994825000000005,false,true,0.10631150000000011,0.10312450000000006
oneOf-10/off/update-first,verdict,24,2935259353,0.7355,0.667125,0.015208,0.06854149999999998,0.06179099999999993,0.07716700000000004,0.0012495000000000145,0.0036775,false,true,0.06954150000000003,0.06766649999999996
oneOf-10/off/update-first-nogc,record,24,149851701,0.296396,0.250917,0.015208,0.04454150000000004,0.039708999999999994,0.05077100000000001,,,,,0.0428125,0.0461665
oneOf-10/off/update-later,verdict,24,2888312865,0.323834,0.2931465,0.015208,0.030875000000000014,0.02706149999999999,0.033542000000000016,0.0002294999999999936,0.00161917,false,true,0.0312915,0.030875000000000014
oneOf-10/off/update-later-nogc,record,24,856082205,0.176709,0.1500415,0.015208,0.028415999999999997,0.0208965,0.032084,,,,,0.025791499999999995,0.0301665
oneOf-10/off/update-nogc,record,24,1781434148,0.4957925000000001,0.4242505,0.030416,0.06920799999999996,0.057458499999999996,0.07895799999999994,,,,,0.06114549999999999,0.07237549999999998
oneOf-10/on/mount,verdict,24,2089960006,10.568396,10.481708000000001,0.030375,0.09331299999999931,0.008478500000000722,0.1904369999999993,0.03354199999999974,0.052841980000000004,false,true,0.06366650000000007,0.12679100000000076
oneOf-10/on/mount-nogc,record,24,1788257392,5.129917,5.111708999999999,0.030375,0.015145500000000034,-0.06204200000000082,0.08387499999999992,,,,,-0.01849949999999989,0.026395499999999572
oneOf-10/on/update,verdict,24,362815632,1.3887289999999999,1.3107915,0.06075,0.07854100000000008,0.06508399999999992,0.09221000000000013,0.007896000000000014,0.007896000000000014,false,true,0.07854100000000008,0.07874999999999999
oneOf-10/on/update-first,verdict,24,3416799171,0.9065409999999999,0.8582084999999999,0.030375,0.051209000000000005,0.0430835,0.05920799999999998,0.002874500000000113,0.004532705,false,true,0.051209000000000005,0.049999499999999975
oneOf-10/on/update-first-nogc,record,24,982163195,0.455562,0.4038545,0.030375,0.0506665,0.04260400000000003,0.058084000000000024,,,,,0.05206250000000001,0.050187499999999996
oneOf-10/on/update-later,verdict,24,1385673531,0.370375,0.34047900000000003,0.030375,0.030292000000000013,0.025666999999999995,0.03512599999999999,0.009479000000000015,0.009479000000000015,false,true,0.03025,0.030646499999999993
oneOf-10/on/update-later-nogc,record,24,1844724851,0.22289600000000004,0.195521,0.030375,0.026916999999999996,0.024833999999999967,0.03352100000000001,,,,,0.030458499999999986,0.02608300000000001
oneOf-10/on/update-nogc,record,24,40934006,0.718646,0.6286255,0.06075,0.089916,0.07074999999999998,0.09783399999999998,,,,,0.09393649999999998,0.07958300000000001
oneOf-20/off/axis-first,verdict,24,1550638104,0.891376,0.764771,0.015208,0.12806249999999997,0.11975000000000002,0.13922850000000003,0.027750499999999956,0.027750499999999956,false,true,0.1256675,0.13010349999999998
oneOf-20/off/axis-first-nogc,record,24,3514492542,0.4889800000000001,0.37862549999999995,0.015208,0.11099949999999997,0.10441700000000001,0.118062,,,,,0.11285400000000001,0.10987449999999996
oneOf-20/off/axis-later,verdict,24,2817934148,0.48943799999999993,0.42425,0.015208,0.06558349999999999,0.06279100000000004,0.06795799999999996,0.010312999999999989,0.010312999999999989,false,true,0.06558349999999999,0.06512449999999997
oneOf-20/off/axis-later-nogc,record,24,497723618,0.267417,0.2132715,0.015208,0.053166000000000005,0.049853999999999996,0.05660449999999999,,,,,0.054437999999999986,0.052500000000000005
oneOf-20/off/axis-update,verdict,24,3621364747,1.4052715,1.2172509999999999,0.030416,0.19189500000000004,0.18054100000000006,0.20481249999999995,0.04256199999999988,0.04256199999999988,false,true,0.192396,0.19149950000000004
oneOf-20/off/axis-update-nogc,record,24,3692147555,0.7761260000000001,0.606188,0.030416,0.16966550000000002,0.15160400000000002,0.186958,,,,,0.17366649999999995,0.16745750000000004
oneOf-20/off/mount,verdict,24,137569783,2.328417,2.1862715,0.015208,0.14724999999999988,0.12860399999999994,0.15704199999999968,0.01420850000000029,0.01420850000000029,false,true,0.14724999999999988,0.1469585
oneOf-20/off/mount-nogc,record,24,494920439,1.072146,0.9368340000000001,0.015208,0.14416650000000003,0.119166,0.15870900000000004,,,,,0.14979199999999998,0.135
oneOf-20/off/update,verdict,24,2072399967,1.5931680000000001,1.3862925,0.030416,0.20608300000000002,0.17904299999999984,0.22793700000000006,0.018396499999999927,0.018396499999999927,false,true,0.21852050000000012,0.18577149999999998
oneOf-20/off/update-first,verdict,24,3886521300,1.0079164999999999,0.872813,0.015208,0.1381469999999999,0.11935399999999996,0.148042,0.009000499999999967,0.009000499999999967,false,true,0.1461465,0.13158350000000002
oneOf-20/off/update-first-nogc,record,24,1729817810,0.45852099999999996,0.3568755,0.015208,0.1027295,0.09537499999999999,0.1075625,,,,,0.10195850000000001,0.103542
oneOf-20/off/update-later,verdict,24,2462574280,0.4655,0.40908350000000004,0.015208,0.0568545,0.054854000000000014,0.0588755,0.004292000000000018,0.004292000000000018,false,true,0.057895500000000016,0.05589549999999999
oneOf-20/off/update-later-nogc,record,24,3718446990,0.25147949999999997,0.200708,0.015208,0.051604,0.04672950000000001,0.05506299999999999,,,,,0.05299949999999999,0.049916499999999975
oneOf-20/off/update-nogc,record,24,3725294111,0.7474795000000001,0.5841259999999999,0.030416,0.16602099999999997,0.15533399999999997,0.174875,,,,,0.1668755,0.16479150000000004
oneOf-20/on/mount,verdict,24,536216923,13.0142915,12.781833500000001,0.030375,0.21093800000000051,0.10837500000000055,0.6256880000000002,0.024833000000000105,0.0650714575,false,true,0.1803335000000006,0.22929250000000057
oneOf-20/on/mount-nogc,record,24,2095713683,6.713583,6.5399795,0.030375,0.19152049999999976,0.12129100000000026,0.2650420000000002,,,,,0.21291700000000002,0.182083
oneOf-20/on/update,verdict,24,2992916867,1.894854,1.6919585,0.06075,0.19891650000000005,0.17683250000000006,0.29152200000000006,0.0001034999999999231,0.00947427,false,true,0.19329150000000006,0.21958350000000004
oneOf-20/on/update-first,verdict,24,733506064,1.228562,1.0919999999999999,0.030375,0.13887500000000008,0.11837500000000001,0.2011885000000001,0.008520000000000083,0.008520000000000083,false,true,0.12510500000000002,0.1523960000000001
oneOf-20/on/update-first-nogc,record,24,2245203702,0.6683545,0.5692499999999999,0.030375,0.0976455,0.09041600000000005,0.10866599999999993,,,,,0.0950625,0.10081200000000001
oneOf-20/on/update-later,verdict,24,2942978684,0.531771,0.47237500000000004,0.030375,0.05543749999999997,0.049625500000000045,0.0885,0.00008350000000006963,0.002658855,false,true,0.050916499999999976,0.06072900000000006
oneOf-20/on/update-later-nogc,record,24,3947506010,0.32693750000000005,0.2723335,0.030375,0.05454200000000001,0.04745900000000003,0.06137500000000001,,,,,0.054229499999999986,0.05454200000000001
oneOf-20/on/update-nogc,record,24,817602875,1.0590625,0.8930415,0.06075,0.16639550000000009,0.1390419999999999,0.18624950000000007,,,,,0.15641700000000003,0.17318650000000008
oneOf-40/off/axis-first,verdict,24,1497483746,1.538396,1.2697915000000002,0.015208,0.27308299999999985,0.24564549999999996,0.29731200000000013,0.03412499999999996,0.03412499999999996,false,true,0.2884375,0.2555835000000001
oneOf-40/off/axis-first-nogc,record,24,168348644,0.8252715,0.6093335000000001,0.015208,0.21610450000000003,0.18993750000000004,0.232854,,,,,0.23027099999999995,0.20424950000000003
oneOf-40/off/axis-later,verdict,24,1662581686,0.8142714999999999,0.6629585,0.015208,0.14139600000000008,0.132708,0.15158399999999994,0.025540499999999966,0.025540499999999966,false,true,0.15060450000000003,0.1370425
oneOf-40/off/axis-later-nogc,record,24,2847758848,0.4396045,0.3329375,0.015208,0.1035835,0.09214600000000003,0.11335350000000002,,,,,0.11020850000000001,0.09289600000000003
oneOf-40/off/axis-update,verdict,24,2896553581,2.3948755000000004,1.9603140000000001,0.030416,0.42627099999999996,0.4002080000000001,0.47575100000000003,0.05310499999999996,0.05310499999999996,false,true,0.4688119999999999,0.4037915000000001
oneOf-40/off/axis-update-nogc,record,24,494438417,1.2833965,0.9577925,0.030416,0.32427049999999996,0.28206200000000003,0.34170900000000004,,,,,0.33949949999999995,0.296334
oneOf-40/off/mount,verdict,24,1222622965,3.761313,3.4199385,0.015208,0.33929149999999986,0.29762500000000003,0.37645799999999996,0.024041999999999897,0.024041999999999897,false,true,0.3558539999999999,0.3332284999999999
oneOf-40/off/mount-nogc,record,24,2995726009,1.9568545,1.5995,0.015208,0.342584,0.2974159999999999,0.397084,,,,,0.3461465,0.325333
oneOf-40/off/update,verdict,24,1622452425,2.5079795000000003,2.1289175,0.030416,0.37014499999999995,0.33945800000000004,0.4376040000000001,0.06356150000000005,0.06356150000000005,false,true,0.4171045000000002,0.35252149999999993
oneOf-40/off/update-first,verdict,24,1587535106,1.5910005000000003,1.337459,0.015208,0.23304199999999997,0.21237550000000005,0.28177050000000003,0.028916000000000053,0.028916000000000053,false,true,0.26585400000000003,0.2133545
oneOf-40/off/update-first-nogc,record,24,2522295044,0.7567915,0.5617295,0.015208,0.18885400000000002,0.17283399999999993,0.214125,,,,,0.216229,0.1774175
oneOf-40/off/update-later,verdict,24,2453386966,0.7571045,0.631167,0.015208,0.12147950000000002,0.11435450000000003,0.13095800000000002,0.011520499999999989,0.011520499999999989,false,true,0.12610400000000005,0.11902099999999999
oneOf-40/off/update-later-nogc,record,24,695185696,0.403521,0.307521,0.015208,0.09435449999999998,0.08695900000000001,0.10208199999999995,,,,,0.10166599999999998,0.09239650000000002
oneOf-40/off/update-nogc,record,24,947669125,1.2307715,0.919126,0.030416,0.3003955,0.27906299999999995,0.33712500000000006,,,,,0.341416,0.2826875000000001
oneOf-40/on/mount,verdict,24,1558636753,18.418312,18.155208000000002,0.030375,0.30441699999999905,0.1706460000000014,0.41537500000000094,0.06960449999999874,0.09209156,false,true,0.2003130000000013,0.3585010000000004
oneOf-40/on/mount-nogc,record,24,2370373293,10.290917,10.034104000000001,0.030375,0.2763744999999993,0.1618340000000007,0.33662499999999973,,,,,0.21564599999999956,0.3103750000000005
oneOf-40/on/update,verdict,24,3315534165,2.8707914999999997,2.4812295,0.06075,0.420771,0.34966699999999995,0.44879099999999994,0.02043700000000004,0.02043700000000004,false,true,0.4046670000000001,0.4245414999999999
oneOf-40/on/update-first,verdict,24,3690141014,1.8429579999999999,1.5885415,0.030375,0.2827084999999999,0.23408399999999996,0.291833,0.007707999999999937,0.009214789999999999,false,true,0.2790625,0.2858125
oneOf-40/on/update-first-nogc,record,24,3503434912,1.021813,0.8251459999999999,0.030375,0.19602049999999993,0.175854,0.22585350000000004,,,,,0.17860449999999994,0.20420850000000002
oneOf-40/on/update-later,verdict,24,2651871794,0.8350415,0.7164999999999999,0.030375,0.12445800000000001,0.10643750000000002,0.13179200000000002,0.005416499999999935,0.005416499999999935,false,true,0.11377100000000001,0.12468800000000002
oneOf-40/on/update-later-nogc,record,24,3035715540,0.48627099999999995,0.389292,0.030375,0.099104,0.08641599999999999,0.10595800000000005,,,,,0.094938,0.10387450000000001
oneOf-40/on/update-nogc,record,24,2797639833,1.612917,1.2976665,0.06075,0.31312550000000006,0.2743954999999999,0.35668849999999996,,,,,0.29608350000000005,0.32283300000000004
oneOf-5/off/axis-first,verdict,24,1393634305,0.392125,0.3597085,0.015208,0.033979499999999996,0.028832999999999998,0.040374999999999994,0.0004790000000000072,0.001960625,false,true,0.033979499999999996,0.034625499999999976
oneOf-5/off/axis-first-nogc,record,24,3932878973,0.212209,0.178792,0.015208,0.03468650000000001,0.027749999999999997,0.03866699999999998,,,,,0.03589600000000001,0.0334995
oneOf-5/off/axis-later,verdict,24,1556745577,0.251667,0.2301045,0.015208,0.018854499999999982,0.015624999999999972,0.023334000000000008,0.0010000000000000009,0.001258335,false,true,0.01868800000000001,0.019354499999999997
oneOf-5/off/axis-later-nogc,record,24,2409485477,0.12843749999999998,0.109792,0.015208,0.01954199999999999,0.017875000000000002,0.021376000000000006,,,,,0.01979249999999999,0.019103499999999995
oneOf-5/off/axis-update,verdict,24,3681690676,0.660459,0.610668,0.030416,0.047709500000000016,0.04095799999999994,0.061290999999999984,0.004208500000000004,0.004208500000000004,false,true,0.0473345,0.051791500000000046
oneOf-5/off/axis-update-nogc,record,24,1906952242,0.3591875,0.305021,0.030416,0.05529149999999999,0.047979999999999995,0.06337500000000001,,,,,0.05585399999999999,0.05300000000000002
oneOf-5/off/mount,verdict,24,19489160,1.1724795000000001,1.1253549999999999,0.015208,0.04966649999999995,0.03762549999999998,0.058479999999999976,0.0014369999999999106,0.005862397500000001,false,true,0.053437499999999916,0.04522949999999992
oneOf-5/off/mount-nogc,record,24,2565101774,0.388813,0.3567715,0.015208,0.030353999999999992,0.024083500000000008,0.03829199999999999,,,,,0.027999999999999997,0.033
oneOf-5/off/update,verdict,24,897908014,0.9529799999999999,0.89748,0.030416,0.054353499999999944,0.045458,0.07387500000000002,0.005624500000000032,0.005624500000000032,false,true,0.05497799999999997,0.05212549999999999
oneOf-5/off/update-first,verdict,24,3559859789,0.6048545,0.5700625,0.015208,0.036333000000000004,0.027770499999999976,0.050187499999999996,0.009250000000000036,0.009250000000000036,false,true,0.036333000000000004,0.035541500000000004
oneOf-5/off/update-first-nogc,record,24,1711855217,0.20770899999999998,0.17922949999999999,0.015208,0.02739599999999999,0.02308400000000002,0.035999500000000004,,,,,0.02739599999999999,0.029082999999999998
oneOf-5/off/update-later,verdict,24,4243447661,0.25700049999999997,0.24022949999999998,0.015208,0.01785400000000001,0.01581200000000002,0.021354000000000012,0.0015204999999999802,0.0015204999999999802,false,true,0.01785400000000001,0.01814550000000001
oneOf-5/off/update-later-nogc,record,24,2841260817,0.130209,0.1091255,0.015208,0.0223745,0.019542000000000004,0.023228000000000006,,,,,0.022082499999999998,0.022417
oneOf-5/off/update-nogc,record,24,2896238808,0.3576665,0.3036255,0.030416,0.04993799999999998,0.04466700000000001,0.05891599999999997,,,,,0.04660500000000001,0.05237549999999999
oneOf-5/on/mount,verdict,24,3175730434,9.432291500000002,9.345999500000001,0.030375,0.08441649999999967,0.019521500000000636,0.13868750000000052,0.0020834999999985726,0.04716145750000001,false,true,0.06112499999999965,0.10395800000000044
oneOf-5/on/mount-nogc,record,24,1666775812,4.5332289999999995,4.4785835,0.030375,0.06618799999999991,0.01870900000000031,0.09758349999999982,,,,,0.07170850000000017,0.05864599999999953
oneOf-5/on/update,verdict,24,3592750012,1.1431464999999998,1.0830825,0.06075,0.05468800000000007,0.04808350000000006,0.0645420000000001,0.007750999999999952,0.007750999999999952,false,true,0.05468800000000007,0.05595850000000002
oneOf-5/on/update-first,verdict,24,406756983,0.7512289999999999,0.712896,0.030375,0.0349795,0.030916000000000055,0.04283300000000001,0.0025620000000000087,0.003756145,false,true,0.0349795,0.040124999999999966
oneOf-5/on/update-first-nogc,record,24,539503735,0.37433350000000004,0.3408955,0.030375,0.035667000000000004,0.02516700000000005,0.044125,,,,,0.03127099999999999,0.03960449999999999
oneOf-5/on/update-later,verdict,24,2124039319,0.2942915,0.2760835,0.030375,0.017291,0.014500000000000013,0.019208000000000003,0.002853500000000009,0.002853500000000009,false,true,0.016499999999999987,0.01760400000000001
oneOf-5/on/update-later-nogc,record,24,3369921943,0.17920799999999998,0.16425,0.030375,0.014791499999999999,0.011082999999999996,0.016626000000000002,,,,,0.012165999999999982,0.016062499999999993
oneOf-5/on/update-nogc,record,24,2238267930,0.584167,0.5331455,0.06075,0.05468799999999996,0.04820800000000003,0.058270000000000044,,,,,0.05008349999999995,0.056896
sample-0/off/mount,verdict,24,275648686,0.205021,0.20556249999999998,0.015208,-0.0006035000000000068,-0.002709000000000003,0.0015839999999999743,0.0022714999999999957,0.0022714999999999957,false,false,-0.0004789999999999933,-0.0010829999999999868
sample-0/off/mount-nogc,record,24,3373495128,0.044542,0.0447505,0.015208,0.00022900000000000004,-0.0013125000000000012,0.0007080000000000003,,,,,0.00016750000000000098,0.0002489999999999992
sample-0/off/update,verdict,24,942282296,0.12362600000000001,0.12320900000000001,0.015208,-0.00004149999999999987,-0.0023330000000000017,0.0020419999999999883,0.001458000000000001,0.001458000000000001,false,false,-0.00010449999999999349,-0.00004149999999999987
sample-0/off/update-first,verdict,24,2732501867,0.12362600000000001,0.12320900000000001,0.015208,-0.00004149999999999987,-0.0023330000000000017,0.002124999999999988,0.001458000000000001,0.001458000000000001,false,false,-0.00010449999999999349,-0.00004149999999999987
sample-0/off/update-first-nogc,record,24,3466566339,0.024834000000000002,0.024813,0.015208,-0.0002699999999999994,-0.000792000000000001,0.0010000000000000009,,,,,-0.000021500000000000685,-0.0004170000000000007
sample-0/off/update-later,verdict,24,3639353219,0.040542,0.040542,0.015208,0.00020799999999999985,-0.0007705000000000004,0.0009160000000000001,0.000396500000000001,0.000396500000000001,false,false,0.00020799999999999985,0.00022950000000000054
sample-0/off/update-later-nogc,record,24,3498943291,0.019521000000000004,0.019708000000000003,0.015208,-0.0005005000000000009,-0.0010209999999999941,0.0006040000000000038,,,,,-0.0005005000000000009,-0.0003124999999999968
sample-0/off/update-nogc,record,24,1437505310,0.024834000000000002,0.024813,0.015208,-0.0002699999999999994,-0.0008125000000000007,0.0010000000000000009,,,,,-0.000021500000000000685,-0.0004170000000000007
sample-1/off/mount,verdict,24,2315382961,0.267584,0.268875,0.015208,0.0002500000000000002,-0.004833000000000032,0.002604499999999982,0.002666500000000016,0.002666500000000016,false,false,0.0005830000000000002,-0.002187499999999981
sample-1/off/mount-nogc,record,24,2797128589,0.084875,0.084584,0.015208,0.00020900000000000085,-0.003041999999999989,0.0019580000000000014,,,,,0.00035450000000000065,0.00020900000000000085
sample-1/off/update,verdict,24,1030296757,0.1327295,0.13229200000000002,0.015208,-0.00037449999999998596,-0.002541500000000002,0.003416500000000003,0.0009580000000000005,0.0009580000000000005,false,false,0.0017085000000000017,-0.0006665000000000004
sample-1/off/update-first,verdict,24,2227322166,0.1327295,0.13229200000000002,0.015208,-0.00037449999999998596,-0.003187499999999996,0.0032909999999999884,0.0009580000000000005,0.0009580000000000005,false,false,0.0017085000000000017,-0.0006665000000000004
sample-1/off/update-first-nogc,record,24,4183080576,0.031042,0.0310835,0.015208,-0.00004099999999999937,-0.0012500000000000011,0.0015000000000000013,,,,,0.0003125000000000003,-0.00004099999999999937
sample-1/off/update-later,verdict,24,1889806866,0.045334,0.045334,0.015208,0.00008350000000000024,-0.0005420000000000008,0.0006670000000000009,0.000020499999999999685,0.00022667,false,false,0.00037550000000000083,-0.0002915000000000001
sample-1/off/update-later-nogc,record,24,1036651316,0.025459000000000002,0.025542000000000002,0.015208,0.00022849999999999954,-0.0016459999999999982,0.0009795000000000012,,,,,-0.00008299999999999974,0.0006255000000000011
sample-1/off/update-nogc,record,24,1979222009,0.031042,0.0310835,0.015208,-0.00004099999999999937,-0.0012500000000000011,0.001416500000000001,,,,,0.0003125000000000003,-0.00004099999999999937
sample-2/off/mount,verdict,24,878996484,0.344604,0.3464585,0.015208,-0.00035400000000002096,-0.005874999999999964,0.00491649999999999,0.0014795000000000225,0.0017230200000000002,false,false,-0.002604000000000023,0.0017914999999999737
sample-2/off/mount-nogc,record,24,3693297954,0.118251,0.117667,0.015208,0.0006039999999999934,-0.0018750000000000155,0.002520500000000009,,,,,-0.00039600000000000746,0.0007290000000000074
sample-2/off/update,verdict,24,4058001754,0.134792,0.134417,0.015208,0.0005000000000000004,-0.0014580000000000148,0.002375000000000016,0.00006299999999999362,0.00067396,false,false,-0.0001250000000000001,0.0016875000000000084
sample-2/off/update-first,verdict,24,2235256849,0.134792,0.134417,0.015208,0.0005000000000000004,-0.001416500000000015,0.002375000000000016,0.00006299999999999362,0.00067396,false,false,-0.0001250000000000001,0.0016875000000000084
sample-2/off/update-first-nogc,record,24,2159754349,0.032396,0.032042,0.015208,0.00035400000000000015,-0.0004159999999999997,0.0011045000000000013,,,,,0.0002710000000000004,0.00035400000000000015
sample-2/off/update-later,verdict,24,2387339097,0.044459,0.044292,0.015208,0.0005000000000000004,-0.0005834999999999972,0.0012919999999999945,0.0005835000000000007,0.0005835000000000007,false,false,-0.0001250000000000001,0.0010409999999999968
sample-2/off/update-later-nogc,record,24,1131356597,0.026126000000000003,0.026062500000000002,0.015208,-0.000019499999999998685,-0.00037500000000000033,0.001125000000000001,,,,,-0.0003125000000000003,0.0002909999999999996
sample-2/off/update-nogc,record,24,3234467484,0.032396,0.032042,0.015208,0.00035400000000000015,-0.0006455000000000002,0.001062500000000001,,,,,0.0002710000000000004,0.00035400000000000015
sample-3/off/mount,verdict,24,3604011335,0.758917,0.749792,0.015208,0.007687999999999973,-0.0020625000000000226,0.014249999999999985,0.00687500000000002,0.00687500000000002,false,false,0.00866699999999998,0.003915999999999975
sample-3/off/mount-nogc,record,24,2812757095,0.29575,0.2942715,0.015208,0.0020620000000000083,-0.007353999999999999,0.010833499999999996,,,,,-0.001521500000000009,0.004187500000000011
sample-3/off/update,verdict,24,844708719,0.135292,0.1363965,0.015208,-0.001291499999999987,-0.003916000000000003,0.0026255000000000167,0.0010000000000000009,0.0010000000000000009,false,false,-0.002145999999999995,-0.00027049999999999297
sample-3/off/update-first,verdict,24,3343380036,0.135292,0.1363965,0.015208,-0.001291499999999987,-0.003916000000000003,0.002042000000000016,0.0010000000000000009,0.0010000000000000009,false,false,-0.002145999999999995,-0.00027049999999999297
sample-3/off/update-first-nogc,record,24,743238114,0.031417,0.0319795,0.015208,-0.0004994999999999999,-0.0016040000000000013,0.0009590000000000015,,,,,-0.001021000000000001,0.00022900000000000004
sample-3/off/update-later,verdict,24,1877273048,0.045417,0.045625,0.015208,-0.0002494999999999997,-0.0005000000000000004,0.0006670000000000009,0.00033400000000000096,0.00033400000000000096,false,false,-0.00004099999999999937,-0.0003119999999999998
sample-3/off/update-later-nogc,record,24,2340783294,0.0245,0.024375,0.015208,-0.00020850000000000035,-0.0011870000000000006,0.0008125000000000007,,,,,-0.00035450000000000065,0.0002704999999999999
sample-3/off/update-nogc,record,24,2709276239,0.031417,0.0319795,0.015208,-0.0004994999999999999,-0.0016040000000000013,0.0009590000000000015,,,,,-0.001021000000000001,0.00022900000000000004
